ic50_rank,source_mode,source_family,pred_ic50_uM,pred_pIC50,pred_cLogP,canonical_smiles
1,plain,reinvent_pubchem,0.7802565766176098,6.107762562070896,2.4403000000000006,O=C(c1cc([N+](=O)[O-])cc([N+](=O)[O-])c1)N1CC2(CCN(c3cncc(C#Cc4ccncn4)c3)C2)C1
2,plain,reinvent_pubchem,0.7802565766176098,6.107762562070896,2.7436000000000007,Cn1cc(C#Cc2cncc(N3CCC4(CN(Cc5cc([N+](=O)[O-])cc([N+](=O)[O-])c5)C4)C3)c2)cn1
3,plain,reinvent_pubchem,0.7802565766176098,6.107762562070896,2.4403000000000006,O=C(c1cc([N+](=O)[O-])cc([N+](=O)[O-])c1)N1CC2(CCN(c3cncc(C#Cc4cncnc4)c3)C2)C1
4,plain,reinvent_pubchem,0.8475995429277765,6.071809286156616,2.4403000000000006,O=C(c1cc([N+](=O)[O-])cc([N+](=O)[O-])c1)N1CC2(CCN(c3cncc(C#Cc4ncccn4)c3)C2)C1
5,plain,reinvent_pubchem,0.8475995429277765,6.071809286156616,2.4403000000000006,O=C(c1cc([N+](=O)[O-])cc([N+](=O)[O-])c1)N1CC2(CCN(c3cncc(C#Cc4cccnn4)c3)C2)C1
6,plain,reinvent_pubchem,0.8475995429277765,6.071809286156616,2.4403000000000006,O=C(c1cc([N+](=O)[O-])cc([N+](=O)[O-])c1)N1CC2(CCN(c3cncc(C#Cc4cccnc4)n3)C2)C1
7,plain,reinvent_pubchem,0.8475995429277765,6.071809286156616,2.4403000000000006,O=C(c1cc([N+](=O)[O-])cc([N+](=O)[O-])c1)N1CC2(CCN(c3cncc(C#Cc4cnccn4)c3)C2)C1
8,plain,reinvent_pubchem,0.8475995429277765,6.071809286156616,2.4403000000000006,O=C(c1cc([N+](=O)[O-])cc([N+](=O)[O-])c1)N1CC2(CCN(c3cncc(C#Cc4ccnnc4)c3)C2)C1
9,plain,reinvent_pubchem,0.8475995429277765,6.071809286156616,2.621900000000001,C#Cc1cncc(N2CCC3(CCN(C(=O)c4cc([N+](=O)[O-])cc([N+](=O)[O-])c4)C3)C2)c1
10,plain,reinvent_pubchem,0.8475995429277765,6.071809286156616,2.2352,C#CC#Cc1cncc(N2CCC3(CN(C(=O)c4cc([N+](=O)[O-])cc([N+](=O)[O-])c4)C3)C2)c1
11,plain,reinvent_pubchem,0.8475995429277765,6.071809286156616,2.638300000000001,O=C(c1cc([N+](=O)[O-])cc([N+](=O)[O-])c1)N1CC2(CCN(c3cncc(C#Cc4cnco4)c3)C2)C1
12,plain,reinvent_pubchem,0.8475995429277765,6.071809286156616,2.6552000000000007,O=C(c1cc([N+](=O)[O-])cc([N+](=O)[O-])c1)N1CC2(C1)CN(c1cncc(C#Cc3ccncc3)c1)C2
13,plain,reinvent_pubchem,0.8475995429277765,6.071809286156616,2.6385000000000005,COCC#Cc1cncc(N2CCC3(CCN(C(=O)c4cc([N+](=O)[O-])cc([N+](=O)[O-])c4)C3)C2)c1
14,plain,reinvent_pubchem,0.8475995429277765,6.071809286156616,2.6552000000000007,O=C(c1cc([N+](=O)[O-])cc([N+](=O)[O-])c1)N1CC2(C1)CN(c1cncc(C#Cc3ccccn3)c1)C2
15,plain,reinvent_pubchem,0.8475995429277765,6.071809286156616,2.6552000000000007,O=C(c1cc([N+](=O)[O-])cc([N+](=O)[O-])c1)N1CC2(C1)CN(c1cncc(C#Cc3cccnc3)c1)C2
16,plain,reinvent_pubchem,0.8475995429277765,6.071809286156616,2.7971000000000013,CCCC#Cc1cncc(N2CCC3(CN(C(=O)c4cc([N+](=O)[O-])cc([N+](=O)[O-])c4)C3)C2)n1
17,plain,reinvent_pubchem,0.8475995429277765,6.071809286156616,2.638300000000001,O=C(c1cc([N+](=O)[O-])cc([N+](=O)[O-])c1)N1CC2(CCN(c3cncc(C#Cc4ncco4)c3)C2)C1
18,plain,reinvent_pubchem,0.8475995429277765,6.071809286156616,2.621900000000001,CC#Cc1cncc(N2CC3(CCN(C(=O)c4cc([N+](=O)[O-])cc([N+](=O)[O-])c4)C3)C2)c1
19,plain,reinvent_pubchem,0.8475995429277765,6.071809286156616,2.3734,O=C(c1cc([N+](=O)[O-])cc([N+](=O)[O-])c1)N1CC2(CCN(c3cncc(C#Cc4cnc[nH]4)c3)C2)C1
20,plain,reinvent_pubchem,0.8475995429277765,6.071809286156616,2.3426,CC(O)C#Cc1cncc(N2CCC3(CN(Cc4cc([N+](=O)[O-])cc([N+](=O)[O-])c4)C3)C2)c1
21,plain,reinvent_pubchem,0.8475995429277765,6.071809286156616,2.3734,O=C(c1cc([N+](=O)[O-])cc([N+](=O)[O-])c1)N1CC2(CCN(c3cncc(C#Cc4ncc[nH]4)c3)C2)C1
22,plain,reinvent_pubchem,0.8475995429277765,6.071809286156616,2.3426,C[C@H](O)C#Cc1cncc(N2CCC3(CN(Cc4cc([N+](=O)[O-])cc([N+](=O)[O-])c4)C3)C2)c1
23,plain,reinvent_pubchem,0.8475995429277765,6.071809286156616,2.2115,CNCCC#Cc1cncc(N2CCC3(CN(C(=O)c4cc([N+](=O)[O-])cc([N+](=O)[O-])c4)C3)C2)c1
24,plain,reinvent_pubchem,0.8475995429277765,6.071809286156616,2.2484,COCC#Cc1cncc(N2CCC3(CN(C(=O)c4cc([N+](=O)[O-])cc([N+](=O)[O-])c4)C3)C2)c1
25,plain,reinvent_pubchem,0.8475995429277765,6.071809286156616,2.1812,CNCC#Cc1cncc(N2CCC3(CN(Cc4cc([N+](=O)[O-])cc([N+](=O)[O-])c4)C3)C2)c1
26,plain,reinvent_pubchem,0.8475995429277765,6.071809286156616,2.3734,O=C(c1cc([N+](=O)[O-])cc([N+](=O)[O-])c1)N1CC2(CCN(c3cncc(C#Cc4cc[nH]n4)c3)C2)C1
27,plain,reinvent_pubchem,0.8475995429277765,6.071809286156616,2.383800000000001,Cn1ccc(C#Cc2cncc(N3CCC4(CN(C(=O)c5cc([N+](=O)[O-])cc([N+](=O)[O-])c5)C4)C3)c2)n1
28,plain,reinvent_pubchem,0.8475995429277765,6.071809286156616,2.383800000000001,Cn1cc(C#Cc2cncc(N3CCC4(CN(C(=O)c5cc([N+](=O)[O-])cc([N+](=O)[O-])c5)C4)C3)c2)cn1
29,plain,reinvent_pubchem,0.8475995429277765,6.071809286156616,2.3734,O=C(c1cc([N+](=O)[O-])cc([N+](=O)[O-])c1)N1CC2(CCN(c3cncc(C#Cc4cn[nH]c4)c3)C2)C1
30,plain,reinvent_pubchem,0.8475995429277765,6.071809286156616,2.3838,Cn1ccnc1C#Cc1cncc(N2CCC3(CN(C(=O)c4cc([N+](=O)[O-])cc([N+](=O)[O-])c4)C3)C2)c1
31,plain,reinvent_pubchem,0.8475995429277765,6.071809286156616,2.3734,O=C(c1cc([N+](=O)[O-])cc([N+](=O)[O-])c1)N1CC2(CCN(c3cncc(C#Cc4c[nH]cn4)c3)C2)C1
32,plain,reinvent_pubchem,0.8475995429277765,6.071809286156616,2.383800000000001,Cn1nccc1C#Cc1cncc(N2CCC3(CN(C(=O)c4cc([N+](=O)[O-])cc([N+](=O)[O-])c4)C3)C2)c1
33,plain,reinvent_pubchem,0.952294989756517,6.021228500587259,2.621900000000001,C#Cc1cncc(N2CCCC3(CN(C(=O)c4cc([N+](=O)[O-])cc([N+](=O)[O-])c4)C3)C2)c1
34,plain,reinvent_pubchem,0.952294989756517,6.021228500587259,2.6385000000000005,COCC#Cc1cncc(N2CCCC3(CN(C(=O)c4cc([N+](=O)[O-])cc([N+](=O)[O-])c4)C3)C2)c1
35,plain,reinvent_pubchem,1.0440891500477762,5.981262417309989,2.1269,O=C(c1cc([N+](=O)[O-])cc([N+](=O)[O-])c1)N1CC2(CCN(c3cncc(C#CC4(O)CC4)c3)C2)C1
36,plain,reinvent_pubchem,1.134203174797531,5.945309141395709,2.2837000000000005,O=C(c1cc([N+](=O)[O-])cc([N+](=O)[O-])c1)N1CC2(CCN(c3cncc(C#Cc4ccc[n+]([O-])c4)c3)C2)C1
37,plain,reinvent_pubchem,1.2431473665074075,5.905477385704752,2.591600000000001,CC#Cc1cncc(N2CC3(CN(Cc4cc([N+](=O)[O-])cc([N+](=O)[O-])c4)C3)C2)c1
38,plain,reinvent_pubchem,1.2742998857629848,5.894728355826352,2.4489,COc1ncc(C#Cc2cncc(N3CCC4(CN(C(=O)c5cc([N+](=O)[O-])cc([N+](=O)[O-])c5)C4)C3)c2)cn1
39,plain,reinvent_pubchem,1.305349782483714,5.884273098863666,2.486700000000001,O=[N+]([O-])c1cc(CN2CC3(CCN(c4cncc(C#CC5(O)CC5)c4)C3)C2)cc([N+](=O)[O-])c1
40,plain,reinvent_pubchem,1.305349782483714,5.884273098863666,2.656100000000001,O=C(C1=CC([N+](=O)[O-])CC([N+](=O)[O-])=C1)N1CC2(CCN(c3cncc(C#Cc4ccccc4)c3)C2)C1
41,plain,reinvent_pubchem,1.305349782483714,5.884273098863666,2.656100000000001,O=C(C1=CC([N+](=O)[O-])C=C([N+](=O)[O-])C1)N1CC2(CCN(c3cncc(C#Cc4ccccc4)c3)C2)C1
42,plain,reinvent_pubchem,1.4961067187849777,5.825037426707928,2.6275000000000004,Nc1cc(C#Cc2cncc(N3CCC4(CN(C(=O)c5cc([N+](=O)[O-])cc([N+](=O)[O-])c5)C4)C3)c2)ccn1
43,plain,reinvent_pubchem,1.5425245416545272,5.811767917589469,2.6675000000000004,O=[N+]([O-])c1cc(CN2CC3(CCN(c4cncc(C#CCN5CCC5)c4)C3)C2)cc([N+](=O)[O-])c1
44,plain,reinvent_pubchem,1.5425245416545272,5.811767917589469,2.3077000000000005,O=C(c1cc([N+](=O)[O-])cc([N+](=O)[O-])c1)N1CC2(CCN(c3cncc(C#CCN4CCC4)c3)C2)C1
45,plain,reinvent_pubchem,1.5425245416545272,5.811767917589469,2.2940000000000005,O=[N+]([O-])c1cc(CN2CC3(CCN(c4cncc(C#CCN5CCOCC5)c4)C3)C2)cc([N+](=O)[O-])c1
46,plain,reinvent_pubchem,1.9420959151972943,5.711729325194095,2.4403000000000006,O=C(c1cc([N+](=O)[O-])cc([N+](=O)[O-])c1)N1CC2(CCN(c3cnnc(C#Cc4ccccc4)n3)C2)C1
47,plain,reinvent_pubchem,1.9420959151972943,5.711729325194095,2.4403000000000006,O=C(c1cc([N+](=O)[O-])cc([N+](=O)[O-])c1)N1CC2(CCN(c3nncc(C#Cc4ccccc4)n3)C2)C1
48,plain,reinvent_pubchem,1.9420959151972943,5.711729325194095,2.638300000000001,O=C(c1cc([N+](=O)[O-])cc([N+](=O)[O-])c1)N1CC2(CCN(c3nc(C#Cc4ccccc4)no3)C2)C1
49,plain,reinvent_pubchem,1.9420959151972943,5.711729325194095,2.4403000000000006,O=C(c1cc([N+](=O)[O-])cc([N+](=O)[O-])c1)N1CC2(CCN(c3ncnc(C#Cc4ccccc4)n3)C2)C1
50,plain,reinvent_pubchem,1.9420959151972943,5.711729325194095,2.3734,O=C(c1cc([N+](=O)[O-])cc([N+](=O)[O-])c1)N1CC2(CCN(c3n[nH]c(C#Cc4ccccc4)n3)C2)C1
51,plain,reinvent_pubchem,1.9420959151972947,5.711729325194095,2.2318,C#Cc1cncc(N2CC3(CCN(C(=O)c4cc([N+](=O)[O-])cc([N+](=O)[O-])c4)C3)C2)c1
52,plain,reinvent_pubchem,1.9420959151972947,5.711729325194095,2.3564000000000007,CC(=O)N1CC2(CCN(c3cncc(C#Cc4cc([N+](=O)[O-])cc([N+](=O)[O-])c4)c3)C2)C1
53,plain,reinvent_pubchem,1.9420959151972947,5.711729325194095,2.621900000000001,CCC#Cc1cncc(N2CC3(CN(C(=O)c4cc([N+](=O)[O-])cc([N+](=O)[O-])c4)C3)C2)c1
54,plain,reinvent_pubchem,2.485253642132468,5.60462928107264,2.0557000000000003,C#CC#Cc1cncc(N2CCC3(CN(C(=O)c4cc5c(cc4[N+](=O)[O-])OCO5)C3)C2)c1
55,plain,reinvent_pubchem,2.485253642132468,5.60462928107264,2.273600000000001,CC(=O)c1cncc(N2CCC3(CN(C(=O)c4cc5c(cc4[N+](=O)[O-])OCO5)C3)C2)c1
56,plain,reinvent_pubchem,2.7093903715957115,5.567128416887891,2.1887,O=C(c1cc([N+](=O)[O-])cc([N+](=O)[O-])c1)N1CN(c2cncc(C#Cc3ccccc3)c2)CC(CO)(CO)C1
57,plain,reinvent_pubchem,2.73334980790521,5.563304784728349,1.9395,O=C(c1cc([N+](=O)[O-])cc([N+](=O)[O-])c1)N1CC2(CN(c3cncc(C#Cc4ccccc4)c3)C2)C(O)C1O
58,plain,reinvent_pubchem,2.770350107878708,5.557465342736418,2.4424,C#Cc1cncc(N2CCC3(CCN(C(=O)c4cc5c(cc4[N+](=O)[O-])OCO5)C3)C2)c1
59,plain,reinvent_pubchem,2.8756711329529367,5.5412607821662,2.4756,Cn1nc(C(=O)N2CC3(CCN(c4cncc(C#Cc5ccccc5)c4)C3)C2)cc1[N+](=O)[O-]
60,plain,reinvent_pubchem,2.8756711329529367,5.5412607821662,2.4408000000000003,Cn1cc(C(=O)N2CC3(CCN(c4cncc(C#Cc5ccccc5)c4)C3)C2)cc([N+](=O)[O-])c1=O
61,plain,reinvent_pubchem,2.8756711329529376,5.5412607821662,2.3755000000000006,O=C(c1cc([N+](=O)[O-])c[n+]([O-])c1)N1CC2(CCN(c3cncc(C#Cc4ccccc4)c3)C2)C1
62,plain,reinvent_pubchem,2.8756711329529376,5.5412607821662,2.5321000000000007,O=C(c1cnc([N+](=O)[O-])nc1)N1CC2(CCN(c3cncc(C#Cc4ccccc4)c3)C2)C1
63,plain,reinvent_pubchem,2.9110674486517816,5.535947731957985,2.3327800000000005,N#Cc1cncc(N2CCCC3(CN(C(=O)c4cc5c(cc4[N+](=O)[O-])OCO5)C3)C2)c1
64,plain,reinvent_pubchem,2.9110674486517816,5.535947731957985,2.4424,C#Cc1cncc(N2CCCC3(CN(C(=O)c4cc5c(cc4[N+](=O)[O-])OCO5)C3)C2)c1
65,plain,reinvent_pubchem,3.135973090433166,5.503627672622334,1.9342,O=C(c1cc([N+](=O)[O-])cc([N+](=O)[O-])c1)N1CC2(CCN(c3cncc(C#CCN4CCOCC4)c3)C2)C1
66,plain,reinvent_pubchem,3.5261862041622805,5.4526947580307406,2.3139000000000003,CC(C)(C)OC(=O)N1CC2(CCN(c3cncc(-c4cnn[nH]4)c3)C2)C1
67,mol2mol_scaffold,nitro_bioisostere_campaign,3.610977141714381,5.442375260744797,2.2504,CCCC[n+]1cncc(N2CCC3(CN(C(=O)c4ccc5c(c4)OCO5)C3)C2)c1
68,plain,reinvent_pubchem,3.610977141714381,5.442375260744797,2.2532000000000005,NCCCC#Cc1cncc(N2CCC3(CN(C(=O)c4ccc5c(c4)OCO5)C3)C2)c1
69,mol2mol_scaffold,nitro_bioisostere_campaign,3.610977141714382,5.442375260744797,2.0418,CCCCC#Cc1cncc(N2CCC3(CN(C(=O)c4cc[n+]5c(c4)OCO5)C3)C2)c1
70,plain,reinvent_pubchem,3.610977141714382,5.442375260744797,2.22,O=C(c1ccc2c(c1)OCO2)N1CC2(CCN(c3cncc(C#CCN4CCC4)c3)C2)C1
71,mol2mol_scaffold_generic,nitro_bioisostere_campaign,3.610977141714382,5.442375260744797,2.285200000000001,CCC1CC2(CN(C(=O)c3ccc4c(c3)OCO4)C2)CN1c1ccc(C#CCO)cn1
72,plain,reinvent_pubchem,3.758959906510885,5.424932306495271,2.2977000000000007,NS(=O)(=O)c1cccc(C#Cc2cncc(N3CCC4(CN(C(=O)c5cc([N+](=O)[O-])cc([N+](=O)[O-])c5)C4)C3)c2)c1
73,plain,reinvent_pubchem,3.800173130641144,5.420196617075479,2.2961,Cn1cc(C#Cc2cncc(N3CCC4(CN(C(=O)c5ccc6c(c5)OCO6)C4)C3)c2)cn1
74,plain,reinvent_pubchem,3.839417316320798,5.415734680712669,2.389500000000001,NS(=O)(=O)c1cc(C(=O)N2CC3(CCN(c4cncc(C#Cc5ccccc5)c4)C3)C2)cc([N+](=O)[O-])c1
75,plain,reinvent,3.956946925915636,5.402639774837978,2.424800000000001,CN(Cc1ccc(CN2CCN(C(=O)c3ccco3)CC2)o1)C1CC1
76,mol2mol_similarity,nitro_bioisostere_campaign,4.028597650189411,5.394846104919416,2.33,COC(=O)c1cc(CN2CC3(CCN(c4cncc(C#CC5CC5)c4)C3)C2)no1
77,plain,reinvent_pubchem,4.028597650189411,5.394846104919416,2.1095,CC(C)(C)OC(=O)N1CC2(CCN(c3cncc(-n4nccn4)c3)C2)C1
78,plain,reinvent_pubchem,4.028597650189411,5.394846104919416,2.1095,CC(C)(C)OC(=O)N1CC2(CCN(c3cncc(-n4ccnn4)c3)C2)C1
79,plain,reinvent_pubchem,4.028597650189411,5.394846104919416,2.1455,CCCCOC1CN(c2cncc(N3CCC4(CN(C(C)=O)C4)C3)c2)C1
80,plain,reinvent_pubchem,4.028597650189411,5.394846104919416,2.1777,CNCC(=O)N1CC2(CCN(c3cncc(N4CC(OCCCc5ccccc5)C4)c3)C2)C1
81,plain,reinvent_pubchem,4.028597650189411,5.394846104919416,2.3055000000000003,CC(N)C(=O)N1CC2(CCN(c3cncc(N4CC(OCCCc5ccccc5)C4)c3)C2)C1
82,plain,reinvent_pubchem,4.028597650189411,5.394846104919416,2.2146,COCC(=O)N1CC2(CCN(c3cncc(N4CC(OCCc5ccccc5)C4)c3)C2)C1
83,plain,reinvent_pubchem,4.028597650189411,5.394846104919416,2.1202999999999994,NC(=O)N1CC2(CCN(c3cncc(N4CC(OCCc5ccccc5)C4)c3)C2)C1
84,plain,reinvent_pubchem,4.028597650189412,5.394846104919416,2.4513000000000007,O=C(N1CC2(CCN(c3cncc(-c4ccc(F)cc4)c3)C2)C1)C1(O)CC1
85,mol2mol_scaffold_generic,nitro_bioisostere_campaign,4.028597650189412,5.394846104919416,2.3503000000000007,C#Cc1cncc(N2CCC3(CN(C(=O)c4ccc5c(c4)CCO5)C3)C2)c1
86,plain,reinvent_pubchem,4.028597650189412,5.394846104919416,2.1296,O=C(C1CCN(c2cncc(C#Cc3ccccc3)c2)C1)N1CCC2(CNC2)C1
87,mol2mol_similarity,nitro_bioisostere_campaign,4.028597650189412,5.394846104919416,2.3772,COC(=O)c1ccncc1C(=O)N1CC2(CCN(c3cncc(C#CC4CC4)c3)C2)C1
88,plain,reinvent_pubchem,4.028597650189412,5.394846104919416,2.045,O=C(N1CC2(CCN(c3cncc(C#Cc4ccccc4)c3)C2)C1)C1(O)CC1
89,mol2mol_similarity,nitro_bioisostere_campaign,4.028597650189412,5.394846104919416,2.0594,CC(C)(C)C(=O)N1CC2(CCN(c3cncc(C#CC4(O)CCOCC4)c3)C2)C1
90,plain,reinvent_pubchem,4.178238612003802,5.379006761838356,2.0392,O=C(c1ccc2c(c1)OCO2)N1CC2(CCN(c3cncc(C#CC4(O)CC4)c3)C2)C1
91,mol2mol_scaffold_generic,nitro_bioisostere_campaign,4.178238612003802,5.379006761838356,2.23708,CC(=O)c1cc2c(cc1C(=O)N1CC3(CCN(c4ccc(C#N)cn4)C3)C1)OCO2
92,mol2mol_similarity,nitro_bioisostere_campaign,4.230279360648027,5.373630951589079,2.0225,CC(C)(C)CC(=O)N1CC2(CCN(c3cncc(C#CC4(O)CCNCC4)c3)C2)C1
93,mol2mol_similarity,nitro_bioisostere_campaign,4.230279360648028,5.373630951589079,2.2424,CC(C)(C)COC(=O)N1CC2(CCN(c3cncc(C#CC4(O)CCNCC4)c3)C2)C1
94,mol2mol_similarity,nitro_bioisostere_campaign,4.230279360648029,5.373630951589079,1.9948,CC(C)(C)OC(=O)N1CC2(CCN(c3cncc(C#CC4(O)CCNCC4)c3)C2)C1
95,mol2mol_scaffold,nitro_bioisostere_campaign,4.236110899890319,5.373032678739256,2.3019,O=C(c1cc2c(cc1F)OCO2)N1CC2(CCN(c3ccncc3)C2)C1
96,mol2mol_similarity,nitro_bioisostere_campaign,4.23611089989032,5.373032678739256,2.4058800000000007,C#Cc1cncc(N2CCC3(CC2)CN(C(=O)c2cc4c(cc2C#N)OCO4)C3)c1
97,mol2mol_scaffold_generic,nitro_bioisostere_campaign,4.23611089989032,5.373032678739256,2.1735799999999994,N#Cc1cc2c(cc1C(=O)N1CC3(CCN(c4ccc(F)cn4)C3)C1)OCO2
98,mol2mol_scaffold_generic,nitro_bioisostere_campaign,4.23611089989032,5.373032678739256,2.1556,COC(=O)c1cncc(N2CCC3(CN(C(=O)c4ccc5c(c4)CCO5)C3)C2)c1
99,curriculum_learning,reinvent,4.331057144189094,5.363406086128787,2.31058,N#CC1CCCCC1n1cc(C(N)=O)c(=Nc2ccc([N+](=O)[O-])cc2)[nH]1
100,mol2mol_similarity,nitro_bioisostere_campaign,4.411430667307849,5.355420542016358,2.3772,COC(=O)c1cccnc1C(=O)N1CC2(CCN(c3cncc(C#CC4CC4)c3)C2)C1
101,mol2mol_similarity,nitro_bioisostere_campaign,4.411430667307849,5.355420542016358,2.0809999999999995,COC(=O)C(C)(C)C(=O)N1CC2(CCN(c3cncc(C#CC4CC4)c3)C2)C1
102,mol2mol_similarity,nitro_bioisostere_campaign,4.411430667307849,5.355420542016358,2.1749,COC(=O)c1cc(CN2CC3(CCN(c4cncc(C#CCCCC(=O)O)c4)C3)C2)no1
103,mol2mol_similarity,nitro_bioisostere_campaign,4.411430667307849,5.355420542016358,2.223699999999999,COC(=O)C(C)(C)C(=O)N1CC2(CCN(c3cncc(C#CCCCCCO)c3)C2)C1
104,mol2mol_scaffold_generic,nitro_bioisostere_campaign,4.411430667307849,5.355420542016358,2.1872,COc1cncc(C(=O)N2CC3(CCN(c4cncc(C#CCNC(C)C)c4)C3)C2)c1
105,mol2mol_scaffold_generic,nitro_bioisostere_campaign,4.411430667307849,5.355420542016358,2.2077,COc1cncc(C(=O)N2CC3(CCN(c4cncc(C#CC(C)(C)CO)c4)C3)C2)c1
106,mol2mol_scaffold_generic,nitro_bioisostere_campaign,4.411430667307849,5.355420542016358,2.2402,COc1ncc(C(=O)N2CC3(CCN(c4cncc(C#CC(C)C)c4)C3)C2)cn1
107,mol2mol_scaffold_generic,nitro_bioisostere_campaign,4.411430667307849,5.355420542016358,2.1353,COc1ncc(C(=O)N2CC3(CCN(c4cncc(C#CCCC(C)(C)O)c4)C3)C2)cn1
108,mol2mol_scaffold_generic,nitro_bioisostere_campaign,4.411430667307849,5.355420542016358,2.2685200000000005,COc1ncc(C(=O)N2CC3(CCN(c4cncc(C#CC(C)(C)O)c4)C3)C2)cc1C
109,plain,reinvent_pubchem,4.435180979491915,5.353088653895156,2.0523,C#Cc1cncc(N2CC3(CCN(C(=O)c4cc5c(cc4[N+](=O)[O-])OCO5)C3)C2)c1
110,plain,reinvent_pubchem,4.553263768193113,5.341677190510456,2.313400000000001,O=C(c1cc([N+](=O)[O-])cc([N+](=O)[O-])c1)N1CC2(C1)C(=O)N(c1cncc(C#Cc3ccccc3)c1)C2=O
111,plain,reinvent_pubchem,4.553263768193113,5.341677190510456,2.2292,O=C(C#Cc1ccccc1)N1CCC2(C1)CN(C(=O)c1cc([N+](=O)[O-])cc([N+](=O)[O-])c1)C2
112,mol2mol_similarity,nitro_bioisostere_campaign,4.575291838204974,5.339581198935298,2.3395,COC(=O)c1cncc(N2CCC3(CCN(C(=O)c4ccc5c(c4)OCO5)C3)C2)c1
113,mol2mol_scaffold_generic,nitro_bioisostere_campaign,4.638663663276124,5.333607115836198,2.2515,COc1ncc(C(=O)N2CC3(CCN(c4cncc(C(F)(F)F)c4)C3)C2)cn1
114,mol2mol_similarity,nitro_bioisostere_campaign,4.70194935984881,5.327722052551925,2.2678000000000003,COc1cc2[nH]ccc2cc1C(=O)N1CC2(CCN(c3cncc(C#CCO)c3)C2)C1
115,mol2mol_similarity,nitro_bioisostere_campaign,4.7056718561747015,5.327378361057446,2.2764,COc1cc2cc(C(=O)N3CC4(CCN(c5cncc(C#CCO)c5)C4)C3)[nH]c2cc1OC
116,mol2mol_similarity,nitro_bioisostere_campaign,4.717099496597866,5.326324963192988,2.0428,CC(C)(O)CC(=O)N1CC2(CCN(c3cncc(C#CC4CC4)c3)C2)C1
117,curriculum_learning,reinvent,4.768042724442655,5.321659861718627,2.0627,O=C(NCc1ccco1)c1coc(-c2cccc([N+](=O)[O-])n2)cc1=NO
118,mol2mol_similarity,nitro_bioisostere_campaign,4.770849559424498,5.321404277958346,2.3150000000000004,COc1cc2c(cc1OC)C(=O)N(CC1CCN(c3cncc(C#CCCO)c3)C1)C2
119,mol2mol_scaffold_generic,nitro_bioisostere_campaign,4.984477107800574,5.302380394244547,2.0979,COC(=O)c1cncc(CN2CC3(CCN(c4cncc(C#CC(C)(C)O)c4)C3)C2)c1
120,plain,reinvent_pubchem,4.984477107800574,5.302380394244547,2.2726700000000006,CCCCCCOC1CN(c2cncc(N3CCC4(CN(C(=N)N)C4)C3)c2)C1
121,mol2mol_scaffold_generic,nitro_bioisostere_campaign,4.984477107800574,5.302380394244547,2.0995,COC(=O)c1cncc(CN2CC3(CCN(c4cncc(C#CCCCO)c4)C3)C2)c1
122,mol2mol_similarity,nitro_bioisostere_campaign,4.984477107800574,5.302380394244547,2.33,CCCCCC#Cc1cncc(N2CCC3(C2)CN(S(=O)(=O)CCC(=O)O)C3)c1
123,plain,reinvent_pubchem,5.140542613676117,5.288991036318424,2.277,CCCCOC1CN(c2cncc(N3CCC4(CN(C(=O)O)C4)C3)c2)C1
124,mol2mol_similarity,nitro_bioisostere_campaign,5.140542613676119,5.288991036318423,2.3136,O=C1COCCN1c1ccc(CN2CC3(CCN(c4cncc(C#CC5CC5)c4)C3)C2)cn1
125,mol2mol_similarity,nitro_bioisostere_campaign,5.175139249156542,5.286077960010817,2.09948,COc1cncc(N2CCC3(CC2)CN(C(=O)c2ccc(C#N)nc2)C3)c1
126,mol2mol_scaffold_generic,nitro_bioisostere_campaign,5.175139249156542,5.286077960010817,2.32622,COc1nc(C)ncc1N1CCC2(CN(C(=O)c3cc(C)cc(C#N)c3)C2)C1
127,mol2mol_similarity,nitro_bioisostere_campaign,5.175139249156543,5.286077960010817,2.1782000000000004,COc1ccc(NC(=O)N2CC3(CCN(c4cncc(C#CCO)c4)C3)C2)cc1
128,mol2mol_similarity,nitro_bioisostere_campaign,5.245484128215402,5.280214422721223,2.1852,COc1ccc(C(=O)N2CCC3(CCN(c4cncc(C#CCO)c4)C3)C2)cc1OC
129,mol2mol_similarity,nitro_bioisostere_campaign,5.278450568232821,5.277493541182015,2.3107000000000006,COC(=O)c1c(C(=O)N2CC3(CCN(c4cncc(C#CCO)c4)C3)C2)oc2ccccc12
130,plain,reinvent_pubchem,5.306485070174941,5.275193053322486,2.3072,CC(O)C(=O)N1CC2(CCN(c3cncc(-c4ccc(F)cc4)c3)C2)C1
131,plain,reinvent_pubchem,5.533725584293905,5.256982381187448,2.3072,C[C@H](O)C(=O)N1CC2(CCN(c3cncc(-c4ccc(F)cc4)c3)C2)C1
132,plain,reinvent_pubchem,5.533725584293905,5.256982381187448,2.3072,C[C@@H](O)C(=O)N1CC2(CCN(c3cncc(-c4ccc(F)cc4)c3)C2)C1
133,plain,reinvent_pubchem,5.533725584293905,5.256982381187448,2.3329,CN1C[C@@]2(CCN(c3cncc(C#Cc4ccccc4)c3)C2)CNC1=O
134,plain,reinvent_pubchem,5.533725584293905,5.256982381187448,2.3329,CN1C[C@]2(CCN(c3cncc(C#Cc4ccccc4)c3)C2)CNC1=O
135,plain,reinvent_pubchem,5.533725584293905,5.256982381187448,2.1893,O=[N+]([O-])c1cccc(C#Cc2cncc(N3CCC4(CNC4)C3)c2)c1
136,plain,reinvent_pubchem,5.533725584293905,5.256982381187448,2.1893,O=[N+]([O-])c1ccc(C#Cc2cncc(N3CCC4(CNC4)C3)c2)cc1
137,plain,reinvent,5.551391335350835,5.255598156780376,2.2226,COc1c(N2CCC(C(C)(C)O)C2)c(N)cc2c(=O)c(C(=O)O)cn(C3CC3)c12
138,mol2mol_similarity,nitro_bioisostere_campaign,5.572141032473802,5.253977899992149,2.1518999999999995,CCCCCCC#Cc1cncc(N2CCC3(CC2)CN(C(=O)C(O)CN)C3)c1
139,mol2mol_similarity,nitro_bioisostere_campaign,5.572141032473802,5.253977899992149,2.1855,CCCCCCC#Cc1cncc(N2CCC3(CC2)CN(C(=O)C(O)CO)C3)c1
140,curriculum_learning,reinvent,5.761305161897085,5.239479120673832,2.1255,CC1CN=C(c2cc(NC(=O)Oc3ccccc3C3=NCCCN3)cc(C3=NCCN3)c2)N1
141,mol2mol_scaffold_generic,nitro_bioisostere_campaign,5.82816784261886,5.234467949682833,2.1628,O=C(c1ccc2c(c1)OCO2)N1CC2(CCN(c3ccncc3)C2)C1
142,mol2mol_scaffold_generic,nitro_bioisostere_campaign,6.030475337433329,5.219648454312884,2.2046,O=C(c1cc(F)cc(F)c1)N1CC2(CCN(c3cc(CO)ccn3)C2)C1
143,mol2mol_scaffold_generic,nitro_bioisostere_campaign,6.030475337433329,5.219648454312884,2.2046,O=C(c1cc(F)cc(F)c1)N1CC2(CCN(c3ccc(CO)cn3)C2)C1
144,mol2mol_scaffold_generic,nitro_bioisostere_campaign,6.089430236109748,5.215423340682298,2.1116,O=C(c1ccc2c(c1)OCO2)N1CC2(CCN(c3cccc(C#CCO)c3)C2)C1
145,mol2mol_scaffold_generic,nitro_bioisostere_campaign,6.089430236109748,5.215423340682298,2.2504,CCCC[n+]1ccc(N2CCC3(CN(C(=O)c4ccc5c(c4)OCO5)C3)C2)cn1
146,plain,reinvent_pubchem,6.213382478652199,5.206671911596058,2.2611,CC(O)C#Cc1cncc(N2CCC3(CN(C(=O)OC(C)(C)C)C3)C2)c1
147,mol2mol_scaffold_generic,nitro_bioisostere_campaign,6.2832893386395545,5.201812941035087,2.2601000000000004,COc1ncc(OC)c(C(=O)N2CC3(CCN(c4cncc(C(F)(F)F)c4)C3)C2)n1
148,mol2mol_similarity,nitro_bioisostere_campaign,6.2832893386395545,5.201812941035087,2.1868,COc1ccc(NC(=O)N2CC3(CCN(c4cncc(C#CCO)c4)C3)C2)cc1OC
149,mol2mol_similarity,nitro_bioisostere_campaign,6.2832893386395545,5.201812941035087,2.2546,COc1ccc(CNC(=O)N2CCC3(CCN(c4cncc(C#CCO)c4)C3)C2)cc1OC
150,plain,reinvent_pubchem,6.354558766113089,5.196914599648918,2.2897,COc1cncc(C#Cc2ccccc2)c1N1CCC2(CNC2)C1
151,plain,reinvent,6.354558766113093,5.196914599648918,2.1753,COc1ccc(-n2ncc3c(N4CCCCC4CO)ncnc32)cc1
152,mol2mol_scaffold_generic,nitro_bioisostere_campaign,6.639417966747781,5.177869990648382,2.3199000000000005,COc1cncc(CN2CC3(CCN(c4cncc(C#CC(C)(C)O)c4)C3)C2)c1
153,mol2mol_scaffold_generic,nitro_bioisostere_campaign,6.676806935143442,5.175431181534091,2.295,COC(=O)C1CCCN(C2CCC3(C2)CN(C(=O)c2ccc4c(c2)OCO4)C3)C1
154,plain,reinvent_pubchem,7.378376055846107,5.132039213731495,2.3139000000000003,CC(C)(C)OC(=O)N1CC2(CCN(c3cncc(-c4c[nH]nn4)c3)C2)C1
155,mol2mol_similarity,nitro_bioisostere_campaign,7.378376055846107,5.132039213731495,2.2235,CC(C)(C)OC(=O)C(=O)N1CC2(CCN(c3cncc(C#CC4CC4)c3)C2)C1
156,plain,reinvent_pubchem,7.378376055846107,5.132039213731495,2.2156,CC(C)(C)OC(=O)N1CC2(CCN(c3cncc(C4CNC4)c3)C2)C1
157,mol2mol_similarity,nitro_bioisostere_campaign,7.449000000292664,5.127902025708711,2.2918000000000003,O=C(C1CC1)N1CC2(CCN(c3cncc(C#CC4CC4)c3)C2)C1
158,curriculum_learning,linkinvent_transformer_pubchem,7.515519975466506,5.1240409665523,2.2059,*c1cccc(C#Cc2cncc(N3CCC4(C3)CN4C(*)(C)C)c2)c1
159,plain,reinvent_pubchem,7.613464864929306,5.118417652131025,2.2693000000000003,C(#Cc1ccccc1)Oc1cncc(N2CCC3(CNC3)C2)c1
160,plain,reinvent_pubchem,7.613464864929306,5.118417652131025,2.3118,C(#Cc1ccccc1)COc1cncc(N2CCC3(CNC3)C2)c1
161,plain,reinvent_pubchem,7.613464864929306,5.118417652131025,2.3118,C(#Cc1cncc(N2CCC3(CNC3)C2)c1)COc1ccccc1
162,plain,reinvent_pubchem,7.613464864929306,5.118417652131025,2.2693000000000003,C(#Cc1cncc(N2CCC3(CNC3)C2)c1)Oc1ccccc1
163,plain,reinvent_pubchem,8.045016086189053,5.094473083182583,2.1555,C(#Cc1cncc(OCCN2CCC3(CNC3)C2)c1)c1ccccc1
164,plain,reinvent_pubchem,8.168096985004066,5.087879114236275,2.1978,O=C1NCC[C@@]12CCN(c1cncc(C#Cc3ccccc3)c1)C2
165,plain,reinvent_pubchem,8.168096985004066,5.087879114236275,2.1978,O=C1NCC[C@]12CCN(c1cncc(C#Cc3ccccc3)c1)C2
166,plain,reinvent_pubchem,8.168096985004066,5.087879114236275,2.1332,O=C1NCC2(CCN(c3cncc(C#Cc4ccccc4)c3)CC2)N1
167,plain,reinvent_pubchem,8.168096985004066,5.087879114236275,2.1978,O=C1C[C@]2(CCN(c3cncc(C#Cc4ccccc4)c3)C2)CN1
168,plain,reinvent_pubchem,8.168096985004066,5.087879114236275,2.1978,O=C1C[C@@]2(CCN(c3cncc(C#Cc4ccccc4)c3)C2)CN1
169,plain,reinvent_pubchem,8.168096985004066,5.087879114236275,2.3808000000000007,O=C1NCC2(CCN(c3cncc(C#Cc4ccccc4)c3)CC2)CN1
170,plain,reinvent_pubchem,8.168096985004066,5.087879114236275,2.3086,O=C(Nc1cncc(C#Cc2ccccc2)c1)N1CCC2(CNC2)C1
171,plain,reinvent_pubchem,8.168096985004066,5.087879114236275,2.3403,O=C1CC[C@]2(CCN(c3cncc(C#Cc4ccccc4)c3)C2)N1
172,plain,reinvent_pubchem,8.168096985004066,5.087879114236275,2.3403,O=C1CC[C@@]2(CCN(c3cncc(C#Cc4ccccc4)c3)C2)N1
173,plain,reinvent_pubchem,8.168096985004066,5.087879114236275,2.1156999999999995,O=C(C#Cc1ccccc1)c1cncc(N2CCC3(CNC3)C2)c1
174,plain,reinvent_pubchem,8.168096985004066,5.087879114236275,2.1978,O=C1CCC2(CN1)CN(c1cncc(C#Cc3ccccc3)c1)C2
175,plain,reinvent_pubchem,8.168096985004066,5.087879114236275,2.1157,O=C(C#Cc1cncc(N2CCC3(CNC3)C2)c1)c1ccccc1
176,plain,reinvent_pubchem,8.364507656839113,5.07755961695033,2.2814000000000005,O=C(O)N1CC2(C1)CN(c1cncc(C#Cc3ccccc3)c1)C2
177,reinforcement_learning,reinvent,8.968151269899256,5.047297074908125,2.2039,c1coc(CN2Cc3cncn3CC(CN3CCCC3)C2)c1
178,curriculum_learning,reinvent,9.120940740529775,5.03996036590944,2.16968,Cn1cc(C#N)nc1-c1cnc(NCc2nccc(C(F)(F)F)n2)cn1
179,plain,reinvent_pubchem,9.359282176248906,5.028757458831202,2.1574,C(#Cc1nc2ccccc2[nH]1)c1cncc(N2CCC3(CNC3)C2)c1
180,plain,reinvent_pubchem,9.3966709705906,5.02702597992965,2.2797,OCC1CNCC2(CCN(c3cncc(C#Cc4ccccc4)c3)C2)C1
181,plain,reinvent_pubchem,9.799066212285563,5.008815307794612,2.1758,C(#Cc1cncc(N2CCCC3(CNNC3)C2)c1)c1ccccc1
182,plain,reinvent_pubchem,9.799066212285563,5.008815307794612,2.1758,C(#Cc1cncc(N2CCC3(CC2)CNNC3)c1)c1ccccc1
183,plain,reinvent_pubchem,9.811852838525008,5.008248974111781,2.2795000000000005,C(#Cc1cncc(N2CCC3(C2)C2CNC23)c1)c1ccccc1
184,curriculum_learning,reinvent,9.81185283852501,5.008248974111781,2.240700000000001,OC1CCCCC1N1CCC2(CC1)c1ccccc1CC2O
185,plain,reinvent_pubchem,10.135017665230844,4.994175489999527,2.2270000000000003,CC(C)(C)OC(=O)N1CCC2(C1)CN(c1cncc(C(=O)O)c1)C2
186,plain,reinvent_pubchem,10.194497422189391,4.991634179611191,2.242,C1#CC2(CCN(c3cncc(C#Cc4ccccc4)c3)C2)CN1
187,plain,reinvent_pubchem,10.354503068715614,4.984870738846171,2.2608,C(#Cc1cncc(N2CCNCC3(CCNCC3)C2)c1)c1ccccc1
188,plain,reinvent_pubchem,10.354503068715614,4.984870738846171,2.2608,C(#Cc1cncc(N2CCCC3(CNCCNC3)C2)c1)c1ccccc1
189,plain,reinvent_pubchem,10.47803894877492,4.97971999153356,2.1701,O=C1NCC2(CCN(c3cncc(C#Cc4ccccc4)c3)C2)O1
190,plain,reinvent_pubchem,10.47803894877492,4.97971999153356,2.3094,C(#Cc1cncc(N2CCC3(CN=CNC3)C2)c1)c1ccccc1
191,plain,reinvent_pubchem,10.47803894877492,4.97971999153356,2.2552000000000003,C(#Cc1cncc(N2CCC3(CNCOC3)C2)c1)c1ccccc1
192,plain,reinvent_pubchem,10.47803894877492,4.97971999153356,2.1978,O=C1CC2(CCN(c3cncc(C#Cc4ccccc4)c3)C2)CN1
193,plain,reinvent_pubchem,10.47803894877492,4.97971999153356,2.1978,O=C1NCCC12CCN(c1cncc(C#Cc3ccccc3)c1)C2
194,plain,reinvent_pubchem,10.47803894877492,4.97971999153356,2.1758,C(#Cc1cncc(N2CCC3(CCNNC3)C2)c1)c1ccccc1
195,plain,reinvent_pubchem,10.47803894877492,4.97971999153356,2.2127,C(#Cc1cncc(N2CCC3(CNOC3)C2)c1)c1ccccc1
196,plain,reinvent_pubchem,10.47803894877492,4.97971999153356,2.2402999999999995,O=C1CCNCC12CCN(c1cncc(C#Cc3ccccc3)c1)C2
197,plain,reinvent_pubchem,10.47803894877492,4.97971999153356,2.2403000000000004,O=C1CNCC2(CCN(c3cncc(C#Cc4ccccc4)c3)C2)C1
198,plain,reinvent_pubchem,10.47803894877492,4.97971999153356,2.2552000000000003,C(#Cc1cncc(N2COCC3(CCNC3)C2)c1)c1ccccc1
199,plain,reinvent_pubchem,10.71952491450676,4.969824461992152,2.1978,O=C1CC2(CCN1c1cncc(C#Cc3ccccc3)c1)CNC2
200,plain,reinvent_pubchem,11.54609827126814,4.93756475045008,2.2845000000000004,C(C#Cc1cncc(N2CCC3(CNC3)C2)c1)#Cc1ccccc1
