canonical_smiles,murcko_scaffold,novel_scaffold,pred_log10_ic50_uM,pred_ic50_uM,max_sim_to_seriesCE,has_spiro_motif,drug_like,mw,logp,hbd,hba,rot_bonds,tpsa
CCCCNC(=O)N1C2=C([N+](=O)[O-])CCC(Cc3ccc([N+](=O)[O-])cc3)N2CC1Cc1ccccc1,C1=C2NC(Cc3ccccc3)CN2C(Cc2ccccc2)CC1,1,0.4188,2.6233,0.2,0,1,493.56,4.48,1,6,9,121.86
CC(=O)NC1CCC(NCc2c(F)cncc2-c2nc3cc(N4CCCCC4)ccc3[nH]2)CC1,c1cc(CNC2CCCCC2)c(-c2nc3cc(N4CCCCC4)ccc3[nH]2)cn1,1,0.5383,3.454,0.2105,0,1,464.59,4.29,3,5,6,85.94
O=C(c1cc(F)c(F)c(F)c1)N1CCC2(CC1)CN(c1cncnc1C1CC1)C2,O=C(c1ccccc1)N1CCC2(CC1)CN(c1cncnc1C1CC1)C2,1,0.6052,4.0286,0.2963,0,1,402.42,3.51,0,4,3,49.33
O=C(Nc1cnccc1N1CCCNCC1)c1nc(C2CC2)ccc1Nc1ccccc1,O=C(Nc1cnccc1N1CCCNCC1)c1nc(C2CC2)ccc1Nc1ccccc1,1,0.6107,4.0801,0.2079,0,1,428.54,4.15,3,6,6,82.18
CCCCCCC#Cc1cncc(N2CC3(CCN(C4CC4)CC3)OC2=O)c1,O=C1OC2(CCN(C3CC3)CC2)CN1c1cccnc1,1,0.6264,4.2303,0.4625,0,1,381.52,4.36,0,4,6,45.67
N#Cc1cccc(OCCCN2CCC3(CC2)C(=O)NCN3c2cccnc2)c1,O=C1NCN(c2cccnc2)C12CCN(CCCOc1ccccc1)CC2,1,0.627,4.2361,0.2346,0,1,391.48,2.15,1,6,6,81.49
Cc1ccc(C(=O)N2CC3(CCN(c4ccc(C#N)c(C(F)(F)F)c4)C3)C2)cc1C,O=C(c1ccccc1)N1CC2(CCN(c3ccccc3)C2)C1,1,0.6343,4.308,0.3625,0,1,413.44,4.55,0,3,2,47.34
COCC(=O)N1CCCC2(CCN(c3cncc(OCC4CCC4)c3)C2)C1,c1ncc(N2CCC3(CCCNC3)C2)cc1OCC1CCC1,1,0.6446,4.4114,0.3973,0,1,373.5,2.73,0,5,6,54.9
N#Cc1ccc(F)cc1N1CC2(Cc3sc(NC(=O)c4ccccc4OCO)c(C#N)c3C2)C1,O=C(Nc1cc2c(s1)CC1(C2)CN(c2ccccc2)C1)c1ccccc1,1,0.6912,4.9111,0.202,0,1,474.52,3.82,2,7,5,109.38
COc1ccnc(N2CCC3(CCN(C(=O)c4cncnc4C)C3)C2)c1,O=C(c1cncnc1)N1CCC2(CCN(c3ccccn3)C2)C1,1,0.7139,5.1751,0.32,0,1,353.43,1.93,0,6,3,71.45
COc1cncc(N2CCCC3(CCN(C(=O)c4cnccn4)C3)C2)c1,O=C(c1cnccn1)N1CCC2(CCCN(c3cccnc3)C2)C1,1,0.7139,5.1751,0.4,0,1,353.43,2.01,0,6,3,71.45
CC1CCN(c2cc(C3CCN(C(=O)c4cccnc4)C3)ncn2)CC1,O=C(c1cccnc1)N1CCC(c2cc(N3CCCCC3)ncn2)C1,1,0.7248,5.3065,0.2299,0,1,351.45,2.74,0,5,3,62.22
CC1(C)CN(c2cc(N3CCC(O)CC3)ccc2[N+](=O)[O-])C1,c1cc(N2CCCCC2)cc(N2CCC2)c1,1,0.743,5.5337,0.2468,0,1,305.38,2.4,1,5,3,69.85
Cn1cnc2c1CN(Cc1ccc3c(c1)OCO3)CC2COCC1CC1,c1nc2c([nH]1)CN(Cc1ccc3c(c1)OCO3)CC2COCC1CC1,1,0.7437,5.5427,0.2041,0,1,355.44,2.67,0,5,6,48.75
COc1ccc2[nH]cc(CCCNCC3CCCCC3)c2c1,c1ccc2c(CCCNCC3CCCCC3)c[nH]c2c1,1,0.7452,5.5621,0.2062,0,1,300.45,4.28,2,2,7,37.05
O=[N+]([O-])OCc1ccc2c(c1)N(Cc1ccccc1)C(N1CC3(CCOC3)C1)=NS2(=O)=O,O=S1(=O)N=C(N2CC3(CCOC3)C2)N(Cc2ccccc2)c2ccccc21,1,0.749,5.6108,0.2188,0,1,458.5,2.18,0,8,5,114.58
O=C(c1ccc([N+](=O)[O-])cc1)N1CCC2(C1)CN(c1ccccc1)C2,O=C(c1ccccc1)N1CCC2(C1)CN(c1ccccc1)C2,1,0.7517,5.6457,0.5156,0,1,337.38,2.95,0,4,3,66.69
COCC1CN(c2cc3c(cn2)CCN(C(=O)c2cc4cc(Cl)ccc4[nH]2)C3)C1,O=C(c1cc2ccccc2[nH]1)N1CCc2cnc(N3CCC3)cc2C1,1,0.7743,5.9464,0.2157,0,1,410.91,3.5,1,4,4,61.46
N#Cc1ccc(-n2nc(C(=O)O)cc2-c2ccc(N3CC4(CCNCC4)C3)cc2)cc1,c1ccc(-n2nccc2-c2ccc(N3CC4(CCNCC4)C3)cc2)cc1,1,0.7756,5.9647,0.2817,0,1,413.48,3.3,2,5,4,94.18
Cn1nc(Cc2ccccc2)cc(N2CCC3(CN(Cc4cccc(F)c4F)C3)C2)c1=O,O=c1[nH]nc(Cc2ccccc2)cc1N1CCC2(CN(Cc3ccccc3)C2)C1,1,0.7846,6.0894,0.2632,0,1,436.51,3.36,0,4,5,41.37
FC(F)(F)COc1cnc(N2CCC3(CN(Cc4ccccc4)C3)C2)c(Cl)c1,c1ccc(CN2CC3(CCN(c4ccccn4)C3)C2)cc1,1,0.7846,6.0894,0.2989,0,1,411.86,4.39,0,4,5,28.6
COc1ccc2cccc(C(=O)N3CC4(CCN(c5cncc(C#CC6CC6)c5)C4)C3)c2c1,O=C(c1cccc2ccccc12)N1CC2(CCN(c3cncc(C#CC4CC4)c3)C2)C1,1,0.7846,6.0894,0.4872,1,1,437.54,4.36,0,4,3,45.67
O=C(NC1CC1)c1ccnc(N2CCCC(C(=O)c3ccc(F)cc3)C2)c1,O=C(NC1CC1)c1ccnc(N2CCCC(C(=O)c3ccccc3)C2)c1,1,0.7933,6.2134,0.2024,0,1,367.42,3.21,1,4,5,62.3
O=C(CCCc1c[nH]c2ccccc12)NCC1(N2CCCCC2)CCCCC1,O=C(CCCc1c[nH]c2ccccc12)NCC1(N2CCCCC2)CCCCC1,1,0.7955,6.2441,0.3333,0,1,381.56,4.8,2,2,7,48.13
CCOC(=O)c1c(C#Cc2ccccc2)[nH]c2cc(OC)c(OC)cc2c1=O,O=c1cc(C#Cc2ccccc2)[nH]c2ccccc12,1,0.8227,6.6478,0.2346,0,1,377.4,3.12,1,5,4,77.62
CCOC(=O)c1cc(N2CC3(CCN(Cc4ccccc4OC)C3)C2)cs1,c1ccc(CN2CCC3(C2)CN(c2ccsc2)C3)cc1,1,0.824,6.6681,0.2857,0,1,386.52,3.65,0,6,6,42.01
Cc1cc(F)ccc1OCCN(C(=O)C1CN(C2CC2)CC12CCOCC2)C1CC1,O=C(C1CN(C2CC2)CC12CCOCC2)N(CCOc1ccccc1)C1CC1,1,0.8246,6.6768,0.2174,0,1,416.54,3.39,0,4,7,42.01
O=C(CC(F)(F)F)N1CC2(CCN(c3ccc(C#Cc4ccccc4)cn3)C2)C1,C(#Cc1ccc(N2CCC3(CNC3)C2)nc1)c1ccccc1,1,0.839,6.9032,0.4507,0,1,399.42,3.47,0,3,2,36.44
COc1ccccc1CC1CCN(C2CCN(C(=O)OC(C)(C)C)CC2)CC1,c1ccc(CC2CCN(C3CCNCC3)CC2)cc1,1,0.8463,7.02,0.2958,0,1,388.55,4.35,0,4,4,42.01
CC(C)N1CC2(CCN(c3noc(-c4nnnn4Cc4ccccc4F)n3)CC2)C1,c1ccc(Cn2nnnc2-c2nc(N3CCC4(CC3)CNC4)no2)cc1,1,0.8522,7.1156,0.2,0,1,412.47,2.22,0,8,5,89.0
O=C1NCCC12CCN(c1cncc(C#Cc3cccc(N4CCCC4)n3)c1)CC2,O=C1NCCC12CCN(c1cncc(C#Cc3cccc(N4CCCC4)n3)c1)CC2,1,0.8533,7.1338,0.3971,0,1,401.51,2.58,1,5,2,61.36
OC(COCc1ccc(Cl)c(Cl)c1)CN1CCC2(CC1)CCN(c1ccncc1)C2,c1ccc(COCCCN2CCC3(CC2)CCN(c2ccncc2)C3)cc1,1,0.8533,7.1338,0.2564,0,1,450.41,4.26,1,5,7,48.83
COc1ccc(CCN2CCC3(CC2)CCN(C(=O)c2ccc(Cl)cc2)C3)cc1,O=C(c1ccccc1)N1CCC2(CCN(CCc3ccccc3)CC2)C1,1,0.8533,7.1338,0.2644,0,1,412.96,4.52,0,3,5,32.78
Cc1c(C(O)CN2CCC3(CC2)CCN(c2ncccn2)C3)ccc2c(O)occ12,c1cnc(N2CCC3(CCN(CCc4ccc5cocc5c4)CC3)C2)nc1,1,0.8533,7.1338,0.2222,0,1,408.5,3.26,2,7,4,85.86
O=C(CCc1ccnc(N2CCCC2c2ccccc2F)c1)c1cnccn1,O=C(CCc1ccnc(N2CCCC2c2ccccc2)c1)c1cnccn1,1,0.8552,7.1643,0.202,0,1,376.44,4.17,0,5,6,58.98
CC(=NNC(=O)c1ccc2c(c1)OCO2)c1ccc([N+](=O)[O-])o1,O=C(NN=Cc1ccco1)c1ccc2c(c1)OCO2,1,0.8565,7.1857,0.25,0,1,317.26,2.07,1,7,4,116.2
CN1CC2CCN(C3CCN(CCc4ccccc4)CC3)CC2(O)C(O)C1O,c1ccc(CCN2CCC(N3CCC4CNCCC4C3)CC2)cc1,1,0.8572,7.1982,0.2247,0,1,389.54,0.37,3,6,4,70.41
O=C(CN1CC2(CCc3ccccc32)CC1=O)N1CCC(Cc2ccccc2)CC1,O=C(CN1CC2(CCc3ccccc32)CC1=O)N1CCC(Cc2ccccc2)CC1,1,0.8648,7.3251,0.2128,0,1,402.54,3.58,0,2,4,40.62
CCCC(=O)N1CCC(C(=O)N2CCC(n3nnnc3CN(C)C)CC2)CC1,O=C(C1CCNCC1)N1CCC(n2cnnn2)CC1,1,0.8649,7.3273,0.2062,0,1,391.52,0.94,0,6,6,87.46
CCOC(=O)C1(Cc2cccc(C#N)c2)CCCN(C(=O)c2cccnc2OC)C1,O=C(c1cccnc1)N1CCCC(Cc2ccccc2)C1,1,0.8708,7.4263,0.2234,0,1,407.47,2.99,0,6,6,92.52
Cc1cccc2c1NC(=O)C21CCN(c2cncc(-c3cnn(C)c3)c2)CC1,O=C1Nc2ccccc2C12CCN(c1cncc(-c3cn[nH]c3)c1)CC2,1,0.8782,7.554,0.3077,0,1,373.46,3.28,1,4,2,63.05
C=C1C2=C(C(=O)C3=C(N4CCCC4)Nc4ccccc4OC3=C2)C1CCCC,C=C1CC2=C1C=C1Oc3ccccc3NC(N3CCCC3)=C1C2=O,1,0.8782,7.554,0.21,0,1,374.48,4.94,1,4,4,41.57
CCOC(=O)N1CCC(c2nccnc2OC2CCN(C(=O)c3ccco3)CC2)CC1,O=C(c1ccco1)N1CCC(Oc2nccnc2C2CCNCC2)CC1,1,0.8808,7.5995,0.2083,0,1,428.49,3.09,0,7,5,98.0
COc1ccc2[nH]cc(CCN3CCC4(CC3)CC(=NOCCCF)CO4)c2c1,N=C1COC2(CCN(CCc3c[nH]c4ccccc34)CC2)C1,1,0.8927,7.8117,0.2072,0,1,403.5,3.71,1,5,8,59.08
O=C(c1ccccc1OCc1ccccc1)N1CC2CC2(COc2cccnc2)C1,O=C(c1ccccc1OCc1ccccc1)N1CC2CC2(COc2cccnc2)C1,1,0.894,7.8345,0.2553,0,1,400.48,4.2,0,4,7,51.66
Cc1cc(C)nc(N2CC3CN(C(=O)c4cccc(OCCF)c4)CC3C2)n1,O=C(c1ccccc1)N1CC2CN(c3ncccn3)CC2C1,1,0.9042,8.021,0.2179,0,1,384.46,2.65,0,5,5,58.56
CC1C(=O)N(c2ccc3c(c2)OCCO3)C1CCCc1ccccc1,O=C1CC(CCCc2ccccc2)N1c1ccc2c(c1)OCCO2,1,0.9042,8.021,0.2299,0,1,337.42,3.83,0,3,5,38.77
COc1ccc(C(=O)N2CCC3(CC2)CN(c2ccccc2OC)C3)cc1,O=C(c1ccccc1)N1CCC2(CC1)CN(c1ccccc1)C2,1,0.9055,8.0454,0.2941,0,1,366.46,3.45,0,4,4,42.01
CCN1Cc2c(OC)cccc2C1C1CCN(Cc2ccc([N+](=O)[O-])cc2)CC1,c1ccc(CN2CCC(C3NCc4ccccc43)CC2)cc1,1,0.9127,8.1788,0.2418,0,1,395.5,4.39,0,5,6,58.85
CC1(NS(C)(=O)=O)C2CC1CN(c1cncc(C#Cc3ccc(-c4ccccc4)cc3)c1)C2,C(#Cc1cncc(N2CC3CC(C3)C2)c1)c1ccc(-c2ccccc2)cc1,1,0.9156,8.2335,0.3881,0,1,457.6,3.91,1,4,4,62.3
COc1cc(N2CCC3(CCN(CC(O)c4ccc5c(O)occ5c4C)CC3)C2)ncn1,c1cc(N2CCC3(CCN(CCc4ccc5cocc5c4)CC3)C2)ncn1,1,0.9208,8.3328,0.2471,0,1,438.53,3.27,2,8,5,95.09
CCOC(=O)N1CCC(NC(=O)c2cc3c([nH]c4ccc(C)cc43)c(C)n2)CC1,O=C(NC1CCNCC1)c1cc2c(cn1)[nH]c1ccccc12,1,0.9219,8.3538,0.2283,0,1,394.48,3.68,2,4,3,87.32
Cc1ccc(C2CCN(C(=O)Cc3ccc4c(c3)OCO4)CC2)cc1,O=C(Cc1ccc2c(c1)OCO2)N1CCC(c2ccccc2)CC1,1,0.9224,8.3645,0.2558,0,1,337.42,3.67,0,3,3,38.77
O=C1OC2(CCOCC2)CN1c1ccc(C#Cc2ccc(F)cc2)cn1,O=C1OC2(CCOCC2)CN1c1ccc(C#Cc2ccccc2)cn1,1,0.9224,8.3645,0.2113,0,1,352.37,3.13,0,4,1,51.66
CCCCOc1ccc(N2CCC3(C2)CN(c2ccc4ccccc4n2)C3)cn1,c1cncc(N2CCC3(C2)CN(c2ccc4ccccc4n2)C3)c1,1,0.9246,8.4057,0.3133,1,1,388.52,4.53,0,5,6,41.49
Cc1nc(N2CC3(CCOCC3)C2)cc(N2CCCC2c2nc3c(C)cccc3[nH]2)n1,c1ccc2[nH]c(C3CCCN3c3cc(N4CC5(CCOCC5)C4)ncn3)nc2c1,1,0.9246,8.4057,0.2317,0,1,418.55,3.93,1,6,3,70.17
N#Cc1cnc(N2CC3CN(C(=O)c4cc(F)ccc4-n4nccn4)CC3C2)cn1,O=C(c1ccccc1-n1nccn1)N1CC2CN(c3cnccn3)CC2C1,1,0.9277,8.466,0.2069,0,1,404.41,1.28,0,7,3,103.83
CCC(=O)N1CCCN(c2cc(N3CCCC3)ccc2NC(=O)Cc2cccc(OC)c2)CC1,O=C(Cc1ccccc1)Nc1ccc(N2CCCC2)cc1N1CCCNCC1,1,0.929,8.4923,0.2,0,1,464.61,3.93,1,5,7,65.12
CCCCCc1ccc(COc2ccc3c(c2)C(CC(=O)O)CO3)cc1,c1ccc(COc2ccc3c(c2)CCO3)cc1,1,0.9319,8.5486,0.2043,0,1,354.45,4.95,1,3,9,55.76
CCc1cc2c3c(ccc2cc1C(=O)c1cc(OC)c(OC)c(OC)c1)OCO3,O=C(c1ccccc1)c1ccc2c3c(ccc2c1)OCO3,1,0.9368,8.6447,0.2065,0,1,394.42,4.39,0,6,6,63.22
CCc1cnc(N2CCC3(C2)CN(C(C)(C)c2ccc(Cl)cc2)CCO3)nc1,c1ccc(CN2CCOC3(CCN(c4ncccn4)C3)C2)cc1,1,0.938,8.6688,0.2043,0,1,400.95,3.91,0,5,4,41.49
Cn1cc(N2CCC3(CCCN(S(=O)(=O)c4cccc(N)c4)C3)C2)cn1,O=S(=O)(c1ccccc1)N1CCCC2(CCN(c3cn[nH]c3)C2)C1,1,0.938,8.6688,0.284,0,1,375.5,1.68,1,5,3,84.46
CN(C)C(C)(c1ccccc1)C1CCN(c2ccc([N+](=O)[O-])c(NCC(=O)N3CCCC3C#N)c2)C1,O=C(CNc1cccc(N2CCC(Cc3ccccc3)C2)c1)N1CCCC1,1,0.9404,8.7187,0.2,0,1,490.61,3.82,1,7,8,105.75
COc1cncc(OC2CN(c3ccc(C(=O)N4CC5(CCN(S(C)(=O)=O)C5)C4)cc3)C2)c1,O=C(c1ccc(N2CC(Oc3cccnc3)C2)cc1)N1CC2(CCNC2)C1,1,0.9454,8.8187,0.3765,0,1,472.57,1.47,0,7,6,92.28
CCOC(=O)C1(Cc2cccc(OC)c2)CCN(C(=O)c2oc3ccccc3c2C)CC1,O=C(c1cc2ccccc2o1)N1CCC(Cc2ccccc2)CC1,1,0.9556,9.0285,0.2075,0,1,435.52,4.78,0,5,6,68.98
COC1CCN(c2cc(N3CC(OCc4cccc(C(F)(F)F)c4)C3)ncn2)C1,c1ccc(COC2CN(c3cc(N4CCCC4)ncn3)C2)cc1,1,0.9598,9.1154,0.2418,0,1,408.42,3.13,0,6,6,50.72
COc1cc2c(cc1C#Cc1cccnc1)c1ccccc1c(=O)n2C,O=c1[nH]c2ccc(C#Cc3cccnc3)cc2c2ccccc12,1,0.9612,9.1456,0.2375,0,1,340.38,3.5,0,3,1,44.12
CC1CN(Cc2ccccc2)c2ncccc2CN1C(=O)C1CCCCC1,O=C(C1CCCCC1)N1CCN(Cc2ccccc2)c2ncccc2C1,1,0.9624,9.1713,0.2174,0,1,363.51,4.4,0,3,3,36.44
CC1CCCN1c1ccc(-c2cccc(NC(=O)NCCC(C)(C)C)c2)nn1,c1ccc(-c2ccc(N3CCCC3)nn2)cc1,1,0.9624,9.1713,0.2,0,1,381.52,4.69,2,4,5,70.15
CC(C)(C)c1n[nH]cc1CN1CCCC(CNC(=O)Cc2ccc(F)cc2)C1,O=C(Cc1ccccc1)NCC1CCCN(Cc2cn[nH]c2)C1,1,0.9624,9.1713,0.2111,0,1,386.52,3.42,2,3,6,61.02
O=C1C(c2cccnc2)C2(CCN(c3cncc(C#Cc4cccs4)c3)C2)N1C1CCCCC1,O=C1C(c2cccnc2)C2(CCN(c3cncc(C#Cc4cccs4)c3)C2)N1C1CCCCC1,1,0.9646,9.2165,0.359,0,1,468.63,4.85,0,5,3,49.33
COc1cc2cncc(C(=O)OCC3CN(c4ccccc4)C(=O)O3)c2cc1OC,O=C(OCC1CN(c2ccccc2)C(=O)O1)c1cncc2ccccc12,1,0.9673,9.2745,0.2421,0,1,408.41,3.43,0,7,6,87.19
Cc1ncc(C(=O)N2CCC3(CC2)NCCc2[nH]cnc23)cc1NC(=O)C(C)(C)C,O=C(c1cccnc1)N1CCC2(CC1)NCCc1[nH]cnc12,1,0.9702,9.3359,0.2118,0,1,410.52,2.37,3,5,2,103.01
CCOc1ccc(-n2nnnc2SCC(=O)Nc2ccc3c(c2)OCCO3)cc1,O=C(CSc1nnnn1-c1ccccc1)Nc1ccc2c(c1)OCCO2,1,0.9707,9.3466,0.21,0,1,413.46,2.56,1,8,7,100.39
CC(Nc1cncc(N2CCCNCC2)c1)c1nncn1CC(F)(F)F,c1nnc(CNc2cncc(N3CCCNCC3)c2)[nH]1,1,0.9728,9.3918,0.2152,0,1,369.39,2.21,2,6,5,70.9
O=C(CN1Cc2ccc(Cl)cc2C1)NC1CCCN(Cc2ccccc2)C1,O=C(CN1Cc2ccccc2C1)NC1CCCN(Cc2ccccc2)C1,1,0.973,9.3967,0.2043,0,1,383.92,3.44,1,3,5,35.58
C#Cc1cncc(N2CC3(CCN(CC(O)c4cccc5[nH]c(=O)[nH]c45)C3)C2)c1,O=c1[nH]c2cccc(CCN3CCC4(C3)CN(c3cccnc3)C4)c2[nH]1,1,0.9748,9.4373,0.36,0,1,389.46,1.48,3,5,4,88.25
COc1ccccc1NC(=O)c1ccc(N2CCCC2)c([N+](=O)[O-])c1,O=C(Nc1ccccc1)c1ccc(N2CCCC2)cc1,1,0.9767,9.4777,0.2262,0,1,341.37,3.46,1,5,5,84.71
CCCCCCC#Cc1ccc(-c2cc(=O)cc(N3CCOCC3)s2)cc1,O=c1cc(-c2ccccc2)sc(N2CCOCC2)c1,1,0.9782,9.511,0.3103,0,1,381.54,4.93,0,4,6,29.54
CCn1c(O)c2c(c1O)N(C(=O)c1ccccc1)C1CCCN1C2c1cccc([N+](=O)[O-])c1,O=C(c1ccccc1)N1c2c[nH]cc2C(c2ccccc2)N2CCCC12,1,0.979,9.5269,0.234,0,1,448.48,4.0,2,6,4,112.08
CCCCCn1nc(C(=O)N(C)CC(=O)Nc2cc(OC)ccc2OC)c2ccccc2c1=O,O=C(CNC(=O)c1n[nH]c(=O)c2ccccc12)Nc1ccccc1,1,0.9843,9.646,0.211,0,1,466.54,3.31,1,6,10,102.76
Cc1cn(C2CCN(C(=O)Nc3ccn(Cc4ccccc4)c3)C2)cn1,O=C(Nc1ccn(Cc2ccccc2)c1)N1CCC(n2ccnc2)C1,1,0.9846,9.6518,0.2211,0,1,349.44,3.52,1,2,4,55.09
CC1(C)Oc2ccc(C#N)cc2CC1NC(=O)CCCc1ccccc1,O=C(CCCc1ccccc1)NC1COc2ccccc2C1,1,0.9846,9.6518,0.2391,0,1,348.45,3.78,1,3,5,62.12
CC(C)(C)c1cc(N2CC3(CNC3)C2)c(NC(=O)Nc2ccc3cnn(-c4ccccn4)c3c2)cn1,O=C(Nc1ccc2cnn(-c3ccccn3)c2c1)Nc1cnccc1N1CC2(CNC2)C1,1,0.9881,9.7303,0.2308,0,1,482.59,4.17,3,6,4,100.0
COC(=O)n1ncc2c1CCC1(CCN(C(=O)Cc3ccc4ccccc4c3)C1)C2,O=C(Cc1ccc2ccccc2c1)N1CCC2(CCc3[nH]ncc3C2)C1,1,0.9902,9.7777,0.284,0,1,403.48,3.6,0,4,2,64.43
CC(N=c1cncc(-c2ccc(CN3CCCCC3)cc2)[nH]1)c1ccccc1,c1ccc(CN=c2cncc(-c3ccc(CN4CCCCC4)cc3)[nH]2)cc1,1,0.9912,9.7991,0.2027,0,1,372.52,4.72,1,3,5,44.28
COC1CN(c2ncc(C#Cc3ccc(CC(C)NC(=O)C4CC4)cc3)cn2)C1,O=C(NCCc1ccc(C#Cc2cnc(N3CCC3)nc2)cc1)C1CC1,1,0.9912,9.7991,0.2209,0,1,390.49,2.17,1,5,6,67.35
O=C(NCc1cccc(-c2cccc(CNCC3CCCO3)c2)c1)c1ccc2c(c1)OCO2,O=C(NCc1cccc(-c2cccc(CNCC3CCCO3)c2)c1)c1ccc2c(c1)OCO2,1,0.9934,9.8495,0.2165,0,1,444.53,4.28,2,5,8,68.82
CN1CCC2(CC1)C(=O)c1cc(F)ccc1-n1cccc12,O=C1c2ccccc2-n2cccc2C12CCNCC2,1,0.9962,9.9131,0.2105,0,1,284.33,2.78,0,2,0,25.24
CC1CCC2(NC(=O)c3ccc4ccc(N5CCCCC5)nc4c3)CCC1N(CC1CC1)C2,O=C(NC12CCCC(CC1)N(CC1CC1)C2)c1ccc2ccc(N3CCCCC3)nc2c1,1,0.9973,9.9378,0.2209,0,1,446.64,5.0,1,4,5,48.47
CC(=O)c1cc2c(cc1NC(=O)CSc1nnnn1-c1ccc3c(c1)OCCO3)OCO2,O=C(CSc1nnnn1-c1ccc2c(c1)OCCO2)Nc1ccc2c(c1)OCO2,1,0.9997,9.9933,0.2222,0,1,455.45,2.1,1,10,6,126.69
COc1ccccc1C(=O)NCC(=O)OCC(=O)N1CCC(Cc2ccccc2)CC1,O=C(CNC(=O)c1ccccc1)OCC(=O)N1CCC(Cc2ccccc2)CC1,1,1.0014,10.0331,0.2128,0,1,424.5,2.45,1,5,8,84.94
COc1ccc(NCc2cccc(C#Cc3ccccc3)c2)cc1,C(#Cc1cccc(CNc2ccccc2)c1)c1ccccc1,1,1.0027,10.0615,0.2055,0,1,313.4,4.71,1,2,4,21.26
CC(O)(CCc1ccc(F)cn1)c1ccc(F)c(OCC2CCCC2)c1,c1ccc(CCCc2cccc(OCC3CCCC3)c2)nc1,1,1.0031,10.0713,0.2024,0,1,361.43,4.77,1,3,7,42.35
COc1cc(N2CC3(CCN(Cc4nccs4)C3)C2)cc(C(F)(F)F)c1OC,c1ccc(N2CC3(CCN(Cc4nccs4)C3)C2)cc1,1,1.0054,10.1258,0.2366,0,1,413.47,3.89,0,6,5,37.83
COCCN(C(=O)COC(=O)c1ccc2c(c1)OCCO2)c1cccc(C)c1,O=C(COC(=O)c1ccc2c(c1)OCCO2)Nc1ccccc1,1,1.0163,10.3825,0.2083,0,1,385.42,2.6,0,6,7,74.3
COC(=O)N1CCC(N2CCc3c(cnn3-c3ccc(F)cc3)C2)C1,c1ccc(-n2ncc3c2CCN(C2CCNC2)C3)cc1,1,1.0203,10.478,0.2561,0,1,344.39,2.21,0,4,2,50.6
CCN(CC)CCC#Cc1ccccc1C#CCCCCNC(=O)c1ccccc1,O=C(NCCCCC#Cc1ccccc1)c1ccccc1,1,1.0203,10.478,0.2022,0,1,400.57,4.72,1,2,9,32.34
N#Cc1ccc(C(O)(Cc2cncc(N3CCCC3)c2)c2ccccc2)cc1,c1ccc(C(Cc2cncc(N3CCCC3)c2)c2ccccc2)cc1,1,1.0203,10.478,0.2985,0,1,369.47,4.03,1,4,5,60.15
C=CCOC(=O)N1CCC(CNC(C)(c2ccccc2)c2ccccc2)C1,c1ccc(C(NCC2CCNC2)c2ccccc2)cc1,1,1.0203,10.478,0.236,0,1,364.49,4.18,1,3,7,41.57
O=[N+]([O-])c1ccc(C2(CCCO)CCCN(Cc3cncnc3)C2)cc1,c1ccc(C2CCCN(Cc3cncnc3)C2)cc1,1,1.0203,10.478,0.2941,0,1,356.43,2.69,1,6,7,92.39
CCCCCCC(=O)N1c2ccccc2OC(CNC(C)=O)C(O)C1COc1ccccc1,c1ccc(OCC2CCOc3ccccc3N2)cc1,1,1.0209,10.4939,0.2121,0,1,454.57,3.7,2,5,10,88.1
CC1CCN(C(=O)Nc2ccc(OC(c3ccc(C#N)cc3)c3cncn3C)c(C#N)c2)CC1,O=C(Nc1ccc(OC(c2ccccc2)c2cnc[nH]2)cc1)N1CCCCC1,1,1.0303,10.7222,0.2083,0,1,454.53,4.6,1,5,5,106.97
c1ccc(C23CCN(CC2)c2ccccc23)cc1,c1ccc(C23CCN(CC2)c2ccccc23)cc1,1,1.0319,10.7616,0.2407,0,1,235.33,3.59,0,1,1,3.24
O=C(c1ccccc1)N1CCC2(CC1)CCN(c1ccccc1)C2,O=C(c1ccccc1)N1CCC2(CC1)CCN(c1ccccc1)C2,1,1.0329,10.788,0.4194,0,1,320.44,3.82,0,2,2,23.55
O=C(Nc1ccc(C#Cc2ccccc2)cc1)N1Cc2ccccc2C1,O=C(Nc1ccc(C#Cc2ccccc2)cc1)N1Cc2ccccc2C1,1,1.0348,10.834,0.2687,0,1,338.41,4.63,1,1,1,32.34
COCC1(n2c(=O)[nH]c3ccccc32)CCN(CC(Cl)=Cc2ccc(OC)cc2)CC1,O=c1[nH]c2ccccc2n1C1CCN(CC=Cc2ccccc2)CC1,1,1.0387,10.9323,0.2,0,1,441.96,4.06,1,4,7,59.49
COc1nc(N2CCOCC2)ccc1C(=O)N(Cc1cccc(Cl)c1)C1CC1,O=C(c1ccc(N2CCOCC2)nc1)N(Cc1ccccc1)C1CC1,1,1.0467,11.136,0.2262,0,1,401.89,3.39,0,5,6,54.9
O=C(Cc1c[nH]c2ccccc12)NC(CN1CCC2(CC1)OCCO2)c1cccc2c1OCC2,O=C(Cc1c[nH]c2ccccc12)NC(CN1CCC2(CC1)OCCO2)c1cccc2c1OCC2,1,1.0552,11.3551,0.2385,0,1,461.56,3.34,2,5,6,75.82
N#Cc1ccc(C(=O)N2CCOC3(CCN(Cc4ccc(Cl)cc4)C3)C2)cc1,O=C(c1ccccc1)N1CCOC2(CCN(Cc3ccccc3)C2)C1,1,1.0576,11.4186,0.2366,0,1,395.89,3.33,0,4,3,56.57
N#CC1(NC(=O)c2ccc(N3CCC4(CCCNC4)CC3)nc2)CC1,O=C(NC1CC1)c1ccc(N2CCC3(CCCNC3)CC2)nc1,1,1.0697,11.7414,0.2603,0,1,339.44,1.84,2,5,3,81.05
CNC(=O)c1ccc(N2CCC3(CC2)CN(c2ccc(NC)[nH]2)C3=O)cc1,O=C1N(c2ccc[nH]2)CC12CCN(c1ccccc1)CC2,1,1.0709,11.7722,0.2237,0,1,367.45,2.05,3,4,4,80.47
CCCCC#Cc1c(N)[nH]c(C(=O)NCc2ccc(OC)c(F)c2)cc1=N,N=c1cc[nH]c(C(=O)NCc2ccccc2)c1,1,1.0743,11.8665,0.2037,0,1,370.43,2.7,4,4,6,103.99
O=c1c2ccc([N+](=O)[O-])cc2cnn1CC(O)CN1CCCC1,O=c1c2ccccc2cnn1CCCN1CCCC1,1,1.0783,11.9761,0.2159,0,1,318.33,0.76,1,6,5,101.5
C(#Cc1ccc2c(n1)CCN(C1CCOCC1)C2)c1cccnc1,C(#Cc1ccc2c(n1)CCN(C1CCOCC1)C2)c1cccnc1,1,1.0795,12.0084,0.2162,0,1,319.41,2.41,0,4,1,38.25
COc1ccc(-c2cc(NC=O)c3ncc(-c4ccc(F)cc4)n3c2)cc1,c1ccc(-c2ccc3ncc(-c4ccccc4)n3c2)cc1,1,1.0803,12.0318,0.225,0,1,361.38,4.38,1,3,5,55.63
O=C(c1ccc2c(c1)OCO2)N1CC(O)C(CCc2ccc3c(c2)OCO3)(Cc2cccc(F)c2)C1,O=C(c1ccc2c(c1)OCO2)N1CCC(CCc2ccc3c(c2)OCO3)(Cc2ccccc2)C1,1,1.0811,12.0536,0.2979,0,1,491.52,3.96,1,6,6,77.46
Cc1ccc(C(=O)N2CCCC2c2nc(=O)c3ccccc3[nH]2)cc1C,O=C(c1ccccc1)N1CCCC1c1nc(=O)c2ccccc2[nH]1,1,1.0826,12.0935,0.2079,0,1,347.42,3.52,1,3,2,66.06
COC(=O)C(C(=O)N1CCC(c2nc3ccccc3o2)CC1)c1ccc2c(c1)OCO2,O=C(Cc1ccc2c(c1)OCO2)N1CCC(c2nc3ccccc3o2)CC1,1,1.0833,12.1132,0.2323,0,1,422.44,3.22,0,7,4,91.1
Cc1cccc2nc(N3CCC(NC(=O)CC(C)(C)C)CC3)c(C=O)c(=O)n12,O=c1cc(N2CCCCC2)nc2ccccn12,1,1.0838,12.1292,0.2195,0,1,384.48,2.34,1,5,4,83.78
O=C(c1ccc2c(c1)CC1NCCOc3cccc-2c31)N1CCC2(C1)CN(C1CCCC1)C(=O)O2,O=C(c1ccc2c(c1)CC1NCCOc3cccc-2c31)N1CCC2(C1)CN(C1CCCC1)C(=O)O2,1,1.0843,12.1419,0.2,0,1,473.57,3.91,1,5,2,71.11
CNC1CCN(C(=O)c2ccc3cc(Oc4ccc(F)cc4)ccc3n2)C1,O=C(c1ccc2cc(Oc3ccccc3)ccc2n1)N1CCCC1,1,1.0866,12.2076,0.2439,0,1,365.41,3.6,1,4,4,54.46
CCCCCCC#Cc1ccc(C2=NOC(C(=O)OCC)C2)cc1,c1ccc(C2=NOCC2)cc1,1,1.087,12.2166,0.2989,0,1,327.42,4.06,0,4,7,47.89
CCCCCCCOCC1(C#Cc2ccccc2)CC(=O)CO1,O=C1COC(C#Cc2ccccc2)C1,1,1.087,12.2166,0.2125,0,1,314.43,3.75,0,3,8,35.53
COc1ccc(-c2nnc(N3CCNCC3)cc2-c2ccccc2)cc1,c1ccc(-c2cc(N3CCNCC3)nnc2-c2ccccc2)cc1,1,1.0881,12.2482,0.2029,0,1,346.43,3.23,1,5,4,50.28
Cc1ccccc1COc1cc2c(cc1-c1ccc(C(=O)O)cc1)OCO2,c1ccc(COc2cc3c(cc2-c2ccccc2)OCO3)cc1,1,1.09,12.3029,0.2273,0,1,362.38,4.67,1,4,5,64.99
COc1ccc(-n2c(C3CCN(C(=O)c4cccc(N(C)C)c4)C3)nc3ccccc3c2=O)cc1,O=C(c1ccccc1)N1CCC(c2nc3ccccc3c(=O)n2-c2ccccc2)C1,1,1.0907,12.3222,0.2019,0,1,468.56,4.09,0,5,5,67.67
c1ccc(CCN2CCC3CCCC3C2)cc1,c1ccc(CCN2CCC3CCCC3C2)cc1,1,1.0914,12.3424,0.2078,0,1,229.37,3.35,0,1,3,3.24
O=C(Nc1ccc(OC(F)(F)F)cc1)c1ccc2c(c1)OCO2,O=C(Nc1ccccc1)c1ccc2c(c1)OCO2,1,1.0947,12.4378,0.2381,0,1,325.24,3.57,1,4,3,56.79
OC1CN(c2cncc(N3CC4(CCN(c5ncccn5)C4)C3)c2)C1,c1cnc(N2CCC3(CN(c4cncc(N5CCC5)c4)C3)C2)nc1,1,1.0949,12.4426,0.3803,0,1,338.42,0.77,1,7,3,68.62
c1cc(N2CCC3(CCN(C4CCOCC4)CC3)C2)ccn1,c1cc(N2CCC3(CCN(C4CCOCC4)CC3)C2)ccn1,1,1.0949,12.4426,0.3051,0,1,301.43,2.55,0,4,2,28.6
Clc1ccc2[nH]c(-c3ccc(N4CCC5(CC4)OCCO5)nc3)nc2c1,c1ccc2[nH]c(-c3ccc(N4CCC5(CC4)OCCO5)nc3)nc2c1,1,1.0949,12.4426,0.2162,0,1,370.84,3.62,1,5,2,63.27
Cc1[nH]oc(=NS(=O)(=O)c2ccc(F)cc2N2CCC(Oc3ccccc3)CC2)c1C,O=S(=O)(N=c1cc[nH]o1)c1ccccc1N1CCC(Oc2ccccc2)CC1,1,1.0987,12.5526,0.2,0,1,445.52,3.7,1,5,5,87.9
CCc1ncnc(N2CCN(c3cccnc3)CC2)c1C#Cc1ccc(=N)[nH]c1,N=c1ccc(C#Cc2cncnc2N2CCN(c3cccnc3)CC2)c[nH]1,1,1.1064,12.7763,0.2308,0,1,385.48,1.97,2,6,3,84.79
COCCN1CCC2(CCN(C(=O)c3c(C)nc4c(OC)cccn34)C2)C1=O,O=C(c1cnc2ccccn12)N1CCC2(CCNC2=O)C1,1,1.1085,12.8388,0.2118,0,1,386.45,1.36,0,5,5,76.38
CCOc1ccc(-n2cc(N3CCC4(CC3)CNC(=O)O4)c3cc(C(=O)O)ccc32)cc1,O=C1NCC2(CCN(c3cn(-c4ccccc4)c4ccccc34)CC2)O1,1,1.1086,12.8404,0.2174,0,1,435.48,3.81,2,5,5,93.03
CCN=c1nc(Oc2ccccc2)[nH]c(N2CCC(C(C)=O)CC2)n1,N=c1nc(Oc2ccccc2)[nH]c(N2CCCCC2)n1,1,1.1087,12.8446,0.2043,0,1,341.42,2.32,1,6,5,83.47
O=C(Nc1cc([N+](=O)[O-])ccc1N1CCN(C(=O)c2ccco2)CC1)c1cc(-c2ccccc2)[nH]n1,O=C(Nc1ccccc1N1CCN(C(=O)c2ccco2)CC1)c1cc(-c2ccccc2)[nH]n1,1,1.1094,12.8643,0.2526,0,1,486.49,3.79,2,7,6,137.61
CCn1cc(C(=O)O)c(=O)c2cc(F)c(N3CCN(C(=O)c4cccc([N+](=O)[O-])c4)CC3)cc21,O=C(c1ccccc1)N1CCN(c2ccc3c(=O)cc[nH]c3c2)CC1,1,1.1094,12.8643,0.2717,0,1,468.44,2.73,1,6,5,125.99
c1ncc(N2CCCC2)cc1N1CCCCC1,c1ncc(N2CCCC2)cc1N1CCCCC1,1,1.1144,13.0136,0.2979,0,1,231.34,2.67,0,3,2,19.37
COc1ccc(N=CCC(=O)c2ccc3c(c2)OCO3)cc1,O=C(CC=Nc1ccccc1)c1ccc2c(c1)OCO2,1,1.1146,13.0186,0.2588,0,1,297.31,3.4,0,5,5,57.12
N#Cc1cccnc1N1CCCC2(CCN(S(=O)(=O)c3cccs3)C2)C1,O=S(=O)(c1cccs1)N1CCC2(CCCN(c3ccccn3)C2)C1,1,1.1161,13.0656,0.2073,0,1,388.52,2.7,0,6,3,77.3
Cc1cccnc1C1CCCN1C1CCN(C(=O)C2CC2COc2cccc(C#N)c2)CC1,O=C(C1CC1COc1ccccc1)N1CCC(N2CCCC2c2ccccn2)CC1,1,1.1161,13.0656,0.2188,0,1,444.58,4.1,0,5,6,69.46
COc1cnc(N2CCC3(CCN(C(=O)Nc4ccccc4F)C3)C2)nc1,O=C(Nc1ccccc1)N1CCC2(CCN(c3ncccn3)C2)C1,1,1.1206,13.2009,0.3205,0,1,371.42,2.76,1,5,3,70.59
Cn1cc(C2CC3(CCN(C(=O)c4ccc(C(N)=O)cc4)CC3)C2)c2ccccc21,O=C(c1ccccc1)N1CCC2(CC1)CC(c1c[nH]c3ccccc13)C2,1,1.1224,13.2545,0.241,0,1,401.51,4.08,1,2,3,68.33
O=C(c1ccccc1OCc1ccccc1)N1CCCCCC1,O=C(c1ccccc1OCc1ccccc1)N1CCCCCC1,1,1.1236,13.2935,0.2125,0,1,309.41,4.28,0,2,4,29.54
Cn1cncc1OCc1ccc(-c2ccccc2C(=O)OC(C)(C)C)cc1,c1ccc(-c2ccc(COc3cnc[nH]3)cc2)cc1,1,1.1243,13.3123,0.2375,0,1,364.45,4.62,0,4,5,53.35
CC#CCn1c(N2CCN(C(=O)CCc3ccccc3[N+](=O)[O-])CC2)nc2ccccc21,O=C(CCc1ccccc1)N1CCN(c2nc3ccccc3[nH]2)CC1,1,1.1272,13.4035,0.2574,0,1,431.5,3.25,0,5,6,84.51
Cc1cccc(C(=O)NC2CC(n3cnc4c(N5CCC6(CNC(=O)C6)C5)nc(Cl)nc43)C2)n1,O=C1CC2(CCN(c3ncnc4c3ncn4C3CC(NC(=O)c4ccccn4)C3)C2)CN1,1,1.1277,13.4178,0.2447,0,1,480.96,2.03,2,7,4,117.93
CC(C)(C)OC(=O)N1CC2(CCC(n3cc(CNc4ccc(C(=O)N5CCCC5)cc4)nn3)C2)C1,O=C(c1ccc(NCc2cn(C3CCC4(CNC4)C3)nn2)cc1)N1CCCC1,1,1.1277,13.4178,0.3293,0,1,480.61,4.09,1,6,5,92.59
Cc1ccccc1C(=O)N1CC2CN(c3cc(C(F)(F)F)nc(N(C)C)n3)CC2C1,O=C(c1ccccc1)N1CC2CN(c3ccncn3)CC2C1,1,1.1315,13.5359,0.2,0,1,419.45,3.08,0,5,3,52.57
CCOc1ccc(OCC(=O)Nc2ccccc2N2CCOCC2)cc1,O=C(COc1ccccc1)Nc1ccccc1N1CCOCC1,1,1.1338,13.6078,0.2,0,1,356.42,2.94,1,5,7,60.03
O=C(NCC12CC3CC(CC(C3)C1)C2)c1ccc2c(c1)OCCO2,O=C(NCC12CC3CC(CC(C3)C1)C2)c1ccc2c(c1)OCCO2,1,1.1349,13.6428,0.2262,0,1,327.42,3.4,1,3,3,47.56
CCC(=Cc1ccc(C2=NCCS2)cc1)c1ccc2c(c1)OCO2,C(=Cc1ccc2c(c1)OCO2)c1ccc(C2=NCCS2)cc1,1,1.1364,13.6912,0.2472,0,1,337.44,4.86,0,4,4,30.82
CN1CCC2(C1)CN(c1ccc(-c3ccccc3)cc1)C(=O)N2C,O=C1NC2(CCNC2)CN1c1ccc(-c2ccccc2)cc1,1,1.137,13.7088,0.2192,0,1,321.42,3.3,0,2,2,26.79
Cc1ccc(C(=O)N2CC3(C2)CN(c2cccc(C(F)(F)F)n2)C3)cc1,O=C(c1ccccc1)N1CC2(C1)CN(c1ccccn1)C2,1,1.138,13.7416,0.3906,0,1,361.37,3.37,0,3,2,36.44
Cc1cc(=NC(=O)N2CCC3(CC3)C2)[nH]c2ncc3c(c12)OC(C)(C)CN(C)C3=O,O=C1NCCOc2c1cnc1[nH]c(=NC(=O)N3CCC4(CC4)C3)ccc21,1,1.1392,13.7776,0.2209,0,1,409.49,2.62,1,4,0,90.89
COc1ccc(C(=O)N2CCN(c3ccc([N+](=O)[O-])cc3)CC2)cc1,O=C(c1ccccc1)N1CCN(c2ccccc2)CC1,1,1.1395,13.7878,0.3014,0,1,341.37,2.57,0,5,4,75.92
NCCC(=O)N1CCC(N(Cc2ccccc2)c2ccc(C(F)(F)F)cc2)C1,c1ccc(CN(c2ccccc2)C2CCNC2)cc1,1,1.1403,13.8149,0.2088,0,1,391.44,3.66,1,3,6,49.57
NCCCCC(C(=O)N1CCC2(CC1)OCCO2)n1cc(-c2ccccc2)nn1,O=C(Cn1cc(-c2ccccc2)nn1)N1CCC2(CC1)OCCO2,1,1.1452,13.9709,0.2083,0,1,399.5,1.98,1,6,7,95.5
N#Cc1nc(-c2cccc(Cl)c2)oc1N1CCN(c2ccccc2)CC1,c1ccc(-c2ncc(N3CCN(c4ccccc4)CC3)o2)cc1,1,1.1491,14.0957,0.2143,0,1,364.84,4.19,0,5,3,56.3
Cc1c(N)cc(O)c(NC(=O)C(=O)c2c[nH]c3ccccc23)c1F,O=C(Nc1ccccc1)C(=O)c1c[nH]c2ccccc12,1,1.1529,14.2211,0.2041,0,1,327.31,2.72,4,4,3,108.21
N#CCCn1cc(C(=O)NN2CCOCC2)c(-c2ccc3c(c2)OCCO3)n1,O=C(NN1CCOCC1)c1c[nH]nc1-c1ccc2c(c1)OCCO2,1,1.1564,14.3342,0.2143,0,1,383.41,1.21,1,7,5,101.64
Cn1nc(C(=O)N2CCC3(C2)CN(c2ccc4cc(C#N)ccc4c2)C3)c2ccccc21,O=C(c1n[nH]c2ccccc12)N1CCC2(C1)CN(c1ccc3ccccc3c1)C2,1,1.1572,14.361,0.3293,0,1,421.5,3.95,0,4,2,65.16
O=C(Nc1ccccc1C(=O)NN=Cc1ccc(Cl)cc1Cl)c1cccc([N+](=O)[O-])c1,O=C(Nc1ccccc1C(=O)NN=Cc1ccccc1)c1ccccc1,1,1.1572,14.3631,0.2111,0,1,457.27,4.92,2,5,6,113.7
CCN=c1nc2c(c[nH]1)c(=O)nc(-c1cccc(OCCCc3ccccc3)c1)n2C1CCOCC1,N=c1nc2c(c[nH]1)c(=O)nc(-c1cccc(OCCCc3ccccc3)c1)n2C1CCOCC1,1,1.1577,14.3776,0.213,0,1,485.59,4.07,1,6,8,94.39
[N-]=[N+]=Nc1cc(C(=O)N2CCOCC2)c2c(c1)-c1ccccc1C2,O=C(c1cccc2c1Cc1ccccc1-2)N1CCOCC1,1,1.1654,14.6363,0.2024,0,1,320.35,3.67,0,3,2,78.3
COc1ccc(CNC(=O)c2cc(C(=O)NCc3ccco3)cc([N+](=O)[O-])c2)cc1,O=C(NCc1ccccc1)c1cccc(C(=O)NCc2ccco2)c1,1,1.1674,14.7013,0.2093,0,1,409.4,3.06,2,6,8,123.71
COc1ccc2[nH]cc(CCNCCCNC(=O)Cc3ccccc3)c2c1,O=C(Cc1ccccc1)NCCCNCCc1c[nH]c2ccccc12,1,1.1675,14.707,0.23,0,1,365.48,3.06,3,3,10,66.15
Cc1cccc(N2CCN(C(=O)c3cc4cc(S(=O)(=O)N5CCCC5)ccc4o3)CC2)c1C,O=C(c1cc2cc(S(=O)(=O)N3CCCC3)ccc2o1)N1CCN(c2ccccc2)CC1,1,1.1688,14.7498,0.2073,0,1,467.59,3.8,0,5,4,74.07
Cc1ccccc1CN1CCN(c2c([N+](=O)[O-])cc3c4c2N(CCC4)C(=O)CO3)CC1,O=C1COc2ccc(N3CCN(Cc4ccccc4)CC3)c3c2CCCN13,1,1.1688,14.7498,0.2115,0,1,422.49,2.9,0,6,4,79.16
COCCC(=O)N1CCC(c2nc3cc(C)ccc3[nH]2)CC1,c1ccc2[nH]c(C3CCNCC3)nc2c1,1,1.1749,14.9599,0.2222,0,1,301.39,2.61,1,3,4,58.22
CC(C)=CCOCCCCCCc1ccccc1,c1ccccc1,1,1.1763,15.0066,0.2237,0,1,246.39,4.77,0,1,9,9.23
CCOC(=O)c1cc2ccc(CN3CCC(Cc4ccccc4)C3=O)cc2[nH]1,O=C1C(Cc2ccccc2)CCN1Cc1ccc2cc[nH]c2c1,1,1.1784,15.0803,0.2188,0,1,376.46,3.94,1,3,6,62.4
O=C(c1cccc(Cl)c1)N1CC2CN(c3ncc(C(O)=NO)cn3)CC2C1,O=C(c1ccccc1)N1CC2CN(c3ncccn3)CC2C1,1,1.179,15.1014,0.2289,0,1,387.83,2.03,2,6,3,102.15
O=C(CC(c1ccccc1)(c1ccccc1)c1ccccc1)N1CCC(O)(Cn2ccnc2)CC1,O=C(CC(c1ccccc1)(c1ccccc1)c1ccccc1)N1CCC(Cn2ccnc2)CC1,1,1.1808,15.1649,0.2308,0,1,465.6,4.66,1,3,7,58.36
COc1ccc(-c2nc(=O)n(-c3ccc([N+](=O)[O-])cc3)c3c2CCCC3)cc1,O=c1nc(-c2ccccc2)c2c(n1-c1ccccc1)CCCC2,1,1.1811,15.1751,0.2,0,1,377.4,3.7,0,5,4,87.26
Cc1noc(C)c1C(=O)N1CCC2(CC1)CC(=O)c1ccc(Br)cc1O2,O=C1CC2(CCN(C(=O)c3cnoc3)CC2)Oc2ccccc21,1,1.1817,15.1958,0.2152,0,1,419.27,3.69,0,5,1,72.64
COC(=O)C(C)(C)CCCOc1ccc(C#Cc2ccccc2)cc1,C(#Cc1ccccc1)c1ccccc1,1,1.1819,15.2014,0.2714,0,1,336.43,4.44,0,3,6,35.53
CCc1cc(C(=O)NCc2ccc3c(c2)OCO3)c(NC(=O)c2ccco2)s1,O=C(Nc1sccc1C(=O)NCc1ccc2c(c1)OCO2)c1ccco1,1,1.1837,15.2657,0.2188,0,1,398.44,3.81,2,6,6,89.8
CCCCCCC#Cc1cncc(N2CC3CCC2CN3C)c1,c1cncc(N2CC3CCC2CN3)c1,1,1.1855,15.3275,0.4324,0,1,311.47,3.69,0,3,5,19.37
COc1ccc(NC(=O)CSCC(=O)NCc2ccc3c(c2)OCO3)cc1,O=C(CSCC(=O)Nc1ccccc1)NCc1ccc2c(c1)OCO2,1,1.1883,15.4263,0.2043,0,1,388.45,2.41,2,6,8,85.89
CC1(C)CN(C(=O)c2cnc3ccccc3n2)CC1Oc1cccc(F)c1,O=C(c1cnc2ccccc2n1)N1CCC(Oc2ccccc2)C1,1,1.1883,15.427,0.2262,0,1,365.41,3.7,0,4,3,55.32
CC(C)(C)Cc1nc(-c2cccc(N3CCN(C(=O)c4ccc(O)cc4)CCC3=O)c2)no1,O=C(c1ccccc1)N1CCC(=O)N(c2cccc(-c3ncon3)c2)CC1,1,1.1894,15.4673,0.2093,0,1,448.52,3.91,1,6,4,99.77
COc1cccc(-c2cc(C(=O)N3CCC(n4c(=O)[nH]c5ncccc54)CC3)n(-c3ccccc3)n2)c1,O=C(c1cc(-c2ccccc2)nn1-c1ccccc1)N1CCC(n2c(=O)[nH]c3ncccc32)CC1,1,1.2,15.8502,0.2056,0,1,494.56,4.06,1,5,5,98.04
CC1(N2CCN(C(=O)c3ccc(Cl)c([N+](=O)[O-])c3)CC2)CCCCCCC1,O=C(c1ccccc1)N1CCN(C2CCCCCCC2)CC1,1,1.2001,15.853,0.2857,0,1,393.92,4.51,0,4,3,66.69
CC(C)N1CCCN(C(=O)N2CC3(CCN(c4ccccn4)C3)C2)C1=O,O=C1NCCCN1C(=O)N1CC2(CCN(c3ccccn3)C2)C1,1,1.2001,15.853,0.3714,0,1,357.46,2.25,0,4,2,59.99
Cc1noc(Cl)c1CCC(=O)N1CCOC2(CCN(Cc3ccccn3)C2)C1,O=C(CCc1cnoc1)N1CCOC2(CCN(Cc3ccccn3)C2)C1,1,1.2008,15.877,0.2091,0,1,404.9,2.47,0,6,5,71.7
CCCc1nc(CN2CCC3(COCCN(C(=O)OCC)C3)C2)cs1,c1nc(CN2CCC3(CNCCOC3)C2)cs1,1,1.2008,15.877,0.2469,0,1,367.52,2.78,0,6,5,54.9
CCc1csc(N2CCCC3(CN(C(=O)c4ccoc4)CCO3)C2)n1,O=C(c1ccoc1)N1CCOC2(CCCN(c3nccs3)C2)C1,1,1.2008,15.877,0.22,0,1,361.47,2.81,0,6,3,58.81
O=C(Nc1ccc(-c2cc(N3CCC4(CNC(=O)O4)C3)c3ccccc3n2)cc1)NC1CC1,O=C(Nc1ccc(-c2cc(N3CCC4(CNC(=O)O4)C3)c3ccccc3n2)cc1)NC1CC1,1,1.2022,15.9286,0.2045,0,1,443.51,3.87,3,5,4,95.59
COc1cccc(NCC(=O)N2CCC3(CC2)CN(C(C)=O)c2ccccc23)c1C,O=C(CNc1ccccc1)N1CCC2(CC1)CNc1ccccc12,1,1.2049,16.0272,0.2048,0,1,407.51,3.34,1,4,4,61.88
O=C1NCN(Cc2ccc(F)cc2)C12CCN(Cc1cc(OC(F)(F)F)cc(C(F)(F)F)c1)C2,O=C1NCN(Cc2ccccc2)C12CCN(Cc1ccccc1)C2,1,1.2107,16.245,0.2,0,1,491.41,4.28,1,4,5,44.81
N#Cc1cccc(N2CC3(CCN(C(=O)c4cc(C(F)(F)F)cc(C(F)(F)F)c4)C3)C2=O)c1,O=C(c1ccccc1)N1CCC2(C1)CN(c1ccccc1)C2=O,1,1.2107,16.245,0.2857,0,1,467.37,4.47,0,3,2,64.41
CC(=O)NC(Cc1ccccc1)C(O)CNC1CC2(CCC2)Oc2ncc(CC(C)(C)C)cc21,c1ccc(CCCCNC2CC3(CCC3)Oc3ncccc32)cc1,1,1.2129,16.3273,0.2212,0,1,465.64,4.11,3,5,8,83.48
Cc1ccccc1NC(=O)N1CC2(CCN(C(=O)Nc3cccc(C(F)(F)F)c3)C2)C1,O=C(Nc1ccccc1)N1CCC2(C1)CN(C(=O)Nc1ccccc1)C2,1,1.2139,16.3642,0.2911,0,1,432.45,4.79,2,2,2,64.68
O=C1CN(C2CCCCC2)CC(Cc2ccccc2)N1CCCc1ccccc1,O=C1CN(C2CCCCC2)CC(Cc2ccccc2)N1CCCc1ccccc1,1,1.2146,16.3895,0.2069,0,1,390.57,4.71,0,2,7,23.55
OCCC1CN(CCCc2ccccc2)CCN1Cc1ccc(Cl)nc1,c1ccc(CCCN2CCN(Cc3cccnc3)CC2)cc1,1,1.2146,16.3895,0.2308,0,1,373.93,3.24,1,4,8,39.6
Cc1cccc(N2CC3CN(c4ncc(C(=O)O)c(C)n4)CC3C2)n1,c1ccc(N2CC3CN(c4ncccn4)CC3C2)nc1,1,1.2146,16.3895,0.2394,0,1,339.4,1.76,1,6,3,82.45
Cc1cc(C(=O)N2CCC3(CCN(c4ncccn4)C3)C2)c(C)o1,O=C(c1ccoc1)N1CCC2(CCN(c3ncccn3)C2)C1,1,1.2146,16.3895,0.3043,0,1,326.4,2.43,0,5,2,62.47
CCOC(=O)C1CCCN1c1cncc(N2CCC3NC32)c1,c1ncc(N2CCC3NC32)cc1N1CCCC1,1,1.2146,16.3895,0.253,0,1,302.38,1.12,1,6,4,67.61
CCCCCOC(=O)n1cc(C(=O)C2CC2)c2ccccc21,O=C(c1c[nH]c2ccccc12)C1CC1,1,1.2155,16.4242,0.2317,0,1,299.37,4.41,0,3,6,48.3
COC(=O)N1CC(C(=O)N2CCN(c3ncccc3C(N)=O)CC2)C(c2ccccc2)C1,O=C(C1CNCC1c1ccccc1)N1CCN(c2ccccn2)CC1,1,1.2184,16.5364,0.234,0,1,437.5,1.31,1,6,4,109.07
Cc1ncc(C#Cc2ccc(OC(C)(C)C(=O)O)cc2)cc1NC(=O)OCC#Cc1ccccc1,O=C(Nc1cncc(C#Cc2ccccc2)c1)OCC#Cc1ccccc1,1,1.2216,16.6552,0.2738,0,1,468.51,4.63,2,5,5,97.75
COc1ccc(-c2ccc3[nH]cc(CCCC(=O)NS(C)(=O)=O)c3c2)cc1Cl,c1ccc(-c2ccc3[nH]ccc3c2)cc1,1,1.2216,16.6553,0.2157,0,1,420.92,3.9,2,4,7,88.26
CC(c1ccc(C(C)(C)C)cc1)N1CC2(CCN(CCC(=O)O)OC2=O)C1c1ccc(F)cc1,O=C1ONCCC12CN(Cc1ccccc1)C2c1ccccc1,1,1.2232,16.7199,0.2174,0,1,468.57,4.87,1,5,6,70.08
O=C(N=c1nc[nH]c2c1CCN2Cc1cccnc1)c1ccccc1,O=C(N=c1nc[nH]c2c1CCN2Cc1cccnc1)c1ccccc1,1,1.2244,16.7663,0.2,0,1,331.38,2.11,1,4,3,74.24
O=C(COC(=O)C1CCN(c2ccc(C(F)(F)F)cn2)CC1)c1ccc(F)cc1,O=C(COC(=O)C1CCN(c2ccccn2)CC1)c1ccccc1,1,1.2246,16.7712,0.2317,0,1,410.37,3.88,0,5,5,59.5
O=C1NC(=O)C(=Cc2ccc(CN3CC34CCN(c3ccccc3)CC4)cc2)C(=O)N1,O=C1NC(=O)C(=Cc2ccc(CN3CC34CCN(c3ccccc3)CC4)cc2)C(=O)N1,1,1.2316,17.0437,0.2254,0,1,416.48,2.29,2,5,4,81.52
O=C(O)CCCN1CCN(c2ccncc2C#Cc2ccccc2)CC1,C(#Cc1cnccc1N1CCNCC1)c1ccccc1,1,1.2328,17.0914,0.3067,0,1,349.43,2.47,1,4,5,56.67
Fc1cnc(N2CCOCC3(CCN(c4cccnc4)C3)C2)nc1,c1cnc(N2CCOCC3(CCN(c4cccnc4)C3)C2)nc1,1,1.2328,17.0914,0.3182,0,1,329.38,1.74,0,6,2,54.38
CC(C)C(=O)N1CCC2(CCN(Cc3ccc(C#N)cc3)CC2)C1,c1ccc(CN2CCC3(CCNC3)CC2)cc1,1,1.2328,17.0914,0.25,0,1,325.46,3.03,0,3,3,47.34
CN(C)Cc1nnc(C2CCN(CCCc3ccccc3)CC2)o1,c1ccc(CCCN2CCC(c3nnco3)CC2)cc1,1,1.2328,17.0914,0.2159,0,1,328.46,2.94,0,5,7,45.4
N#CC1C2CNCC2C12CCN(c1nc3cc(OC(F)F)ccc3[nH]1)C2,c1ccc2[nH]c(N3CCC4(CC5CNCC54)C3)nc2c1,1,1.2347,17.1683,0.2048,0,1,359.38,2.35,2,5,3,76.97
OC1CC2(O)CCN1CC2(O)Cc1ccccc1,c1ccc(CC2CN3CCC2CC3)cc1,1,1.2358,17.21,0.2125,0,1,249.31,0.12,3,4,2,63.93
Cc1cccc(O)c1N1CCC2(CCC(=O)N(C(C)C)C2)C1,O=C1CCC2(CCN(c3ccccc3)C2)CN1,1,1.2369,17.2562,0.2714,0,1,302.42,2.93,1,3,2,43.78
NCCC(=O)N1CCC2(Cc3cc4nc(-c5ccccc5F)[nH]c4cc3C2)C1,c1ccc(-c2nc3cc4c(cc3[nH]2)CC2(CCNC2)C4)cc1,1,1.2375,17.2795,0.2626,0,1,378.45,3.04,2,3,3,75.01
O=C(c1ccncc1)N1CCCC(N2CCN(c3cccc(C(F)(F)F)c3)CC2)C1,O=C(c1ccncc1)N1CCCC(N2CCN(c3ccccc3)CC2)C1,1,1.2381,17.3033,0.2184,0,1,418.46,3.53,0,4,3,39.68
O=C(NCc1ccccn1)c1ccc(N2CCN(c3ccc(-n4ccnc4)cc3F)CC2)nc1,O=C(NCc1ccccn1)c1ccc(N2CCN(c3ccc(-n4ccnc4)cc3)CC2)nc1,1,1.2381,17.3033,0.2039,0,1,457.51,3.06,1,6,6,79.18
COc1ccc(C(=O)N2CC3(CCN(c4cccc(N5CCOCC5)n4)CC3)C2)cc1,O=C(c1ccccc1)N1CC2(CCN(c3cccc(N4CCOCC4)n3)CC2)C1,1,1.2388,17.3295,0.4091,0,1,422.53,2.67,0,6,4,58.14
COc1cc(-c2ccccc2)ccc1C(=O)N1CCOCC1,O=C(c1ccc(-c2ccccc2)cc1)N1CCOCC1,1,1.2395,17.3599,0.2162,0,1,297.35,2.83,0,3,3,38.77
COc1ccc(C=Cc2nc3ccccc3c(=O)n2-c2ccc([N+](=O)[O-])cc2)cc1OC,O=c1c2ccccc2nc(C=Cc2ccccc2)n1-c1ccccc1,1,1.2399,17.3734,0.2135,0,1,429.43,4.48,0,6,6,96.49
O=C(COc1ccc([N+](=O)[O-])cc1)NN1C(=O)c2ccccc2C1=O,O=C(COc1ccccc1)NN1C(=O)c2ccccc2C1=O,1,1.2445,17.5571,0.2179,0,1,341.28,1.3,1,6,5,118.85
O=C(NCC(=O)N1CCC(Cc2ccccc2)CC1)c1cccc(Cl)c1,O=C(NCC(=O)N1CCC(Cc2ccccc2)CC1)c1ccccc1,1,1.2449,17.577,0.2135,0,1,370.88,3.55,1,2,5,49.41
CCCNC(=O)C1(C)CCCN1C(=O)C1COc2ccc(C)cc2O1,O=C(C1COc2ccccc2O1)N1CCCC1,1,1.2474,17.6773,0.2421,0,1,346.43,2.04,1,4,4,67.87
CC(NC(=O)N1CCC2(CC1)CN(C)C2)C(=O)NCc1nccn1C,O=C(CNC(=O)N1CCC2(CC1)CNC2)NCc1ncc[nH]1,1,1.2475,17.6822,0.24,0,1,348.45,0.16,2,4,4,82.5
O=C(C=Cc1ccc([N+](=O)[O-])cc1)OCC(=O)N1CCc2ccccc21,O=C(C=Cc1ccccc1)OCC(=O)N1CCc2ccccc21,1,1.2533,17.9192,0.2093,0,1,352.35,2.74,0,5,5,89.75
CCCC#Cc1cncc(N2CCC3(CCN(C(=O)COC)CC3=O)C2)c1,O=C1CNCCC12CCN(c1cccnc1)C2,1,1.254,17.947,0.4512,0,1,369.47,1.88,0,5,4,62.74
CCCCCCC#Cc1cc2c(cn1)C(=O)N(C(CC)CC)C2=O,O=C1NC(=O)c2cnccc21,1,1.2543,17.9594,0.2875,0,1,326.44,4.19,0,3,7,50.27
Cc1cc(C)nc(N2CC3(CC(CO)C(N(C)S(C)(=O)=O)C3)C2)n1,c1cnc(N2CC3(CCCC3)C2)nc1,1,1.2546,17.9704,0.2027,0,1,354.48,0.56,1,6,4,86.63
CCC(=O)N1CC(C(=O)N2CCCCO2)C2(CCCOC2)C1,O=C(C1CNCC12CCCOC2)N1CCCCO1,1,1.2546,17.9704,0.2118,0,1,310.39,1.21,0,4,2,59.08
C=CCOC1CCC2(C=C3CN(C(=O)CO)CC32)CN1Cc1ccccc1,C1=C2CNCC2C12CCCN(Cc1ccccc1)C2,1,1.2546,17.9704,0.2245,0,1,368.48,2.19,1,4,6,53.01
O=C(NC1C2CC3CC1CC(Cc1cccc(O)c1)(C3)C2)c1ccc(N2CCOCC2)nc1,O=C(NC1C2CC3CC1CC(Cc1ccccc1)(C3)C2)c1ccc(N2CCOCC2)nc1,1,1.257,18.0711,0.2039,0,1,447.58,3.79,2,5,5,74.69
CC1=C(C(=O)Nc2cccc([N+](=O)[O-])c2)C2(CCCCC2)OC1=O,O=C1C=C(C(=O)Nc2ccccc2)C2(CCCCC2)O1,1,1.2582,18.1219,0.2289,0,1,330.34,3.11,1,5,3,98.54
COc1ccccc1C1(NC(=O)OC(C)(C)C)CCN(C(=O)c2cc3ccccc3[nH]2)CC1,O=C(c1cc2ccccc2[nH]1)N1CCC(c2ccccc2)CC1,1,1.262,18.2798,0.2785,0,1,449.55,4.83,2,4,4,83.66
NC1(c2ccccc2)CCN(c2cc(-c3c(F)cccc3F)ccn2)C1,c1ccc(-c2ccnc(N3CCC(c4ccccc4)C3)c2)cc1,1,1.263,18.3211,0.25,0,1,351.4,4.09,1,3,3,42.15
Cc1c(-c2cccnc2)c[nH]c(=NC2CC3CCC2N3C(=O)OC(C)(C)C)c1C#N,c1cncc(-c2ccc(=NC3CC4CCC3N4)[nH]c2)c1,1,1.266,18.4494,0.2529,0,1,405.5,3.7,1,5,2,94.37
COc1cccc(N2CCN(CCCC(C(N)=O)(c3cccc(OC)c3)C3CCCC3)CC2)c1,c1ccc(C(CCCN2CCN(c3ccccc3)CC2)C2CCCC2)cc1,1,1.2661,18.4558,0.2083,0,1,465.64,4.22,1,5,10,68.03
COCCC(=O)N1CCC2(CCN(c3nc4cc(Cl)ccc4o3)C2)C1,c1ccc2oc(N3CCC4(CCNC4)C3)nc2c1,1,1.2701,18.6256,0.3026,0,1,363.85,2.95,0,5,4,58.81
CCOc1ccc(CC(=O)N2CCC3(C2)CN(c2ccsc2)C3)cc1,O=C(Cc1ccccc1)N1CCC2(C1)CN(c1ccsc1)C2,1,1.2701,18.6256,0.2911,0,1,356.49,3.43,0,4,5,32.78
CCCCC(=O)NC1CC2(CCN(Cc3ccc(OC)cc3)C2)C1,c1ccc(CN2CCC3(CCC3)C2)cc1,1,1.2722,18.7155,0.2644,0,1,330.47,3.36,1,3,7,41.57
CCC#Cc1cccc(C(=O)NC23CC4CC(CC(C4)C2)C3)c1,O=C(NC12CC3CC(CC(C3)C1)C2)c1ccccc1,1,1.2728,18.74,0.2209,0,1,307.44,4.15,1,1,2,29.1
COC(=O)N=c1[nH]c2ccc(C#Cc3ccc(F)cc3)cc2[nH]1,N=c1[nH]c2ccc(C#Cc3ccccc3)cc2[nH]1,1,1.2764,18.8976,0.2,0,1,309.3,2.7,2,2,0,70.24
CCCCCCCCOc1nc(-n2[nH]c(C)cc2=O)nc2c1CCC2,O=c1cc[nH]n1-c1ncc2c(n1)CCC2,1,1.2797,19.0419,0.2069,0,1,344.46,3.49,1,4,9,72.8
OC(CCCN1CCN(c2ncc(F)cn2)CC1)c1ccc(F)cc1,c1ccc(CCCCN2CCN(c3ncccn3)CC2)cc1,1,1.2808,19.0888,0.2,0,1,348.4,2.39,1,5,6,52.49
CN1C(C(=O)N2CCCCCC2)=CC(c2ccc(C(F)(F)F)cc2)=NS1(=O)=O,O=C(C1=CC(c2ccccc2)=NS(=O)(=O)N1)N1CCCCCC1,1,1.2808,19.0919,0.2,0,1,415.44,2.97,0,3,2,70.05
CCCCCCCN1CC2CC(CC1C(=O)OC)O2,C1CC2CC(CN1)O2,1,1.2812,19.109,0.2179,0,1,269.38,2.36,0,4,7,38.77
CN(C)c1cncc(OC2CCN(C(=O)OC3(CCC#N)CCC3)C2)n1,O=C(OC1CCC1)N1CCC(Oc2cnccn2)C1,1,1.2831,19.1905,0.2316,0,1,359.43,2.36,0,7,6,91.58
CCCOc1ccc(-n2cc(C(=O)NC(C)C3(C)CCN(CC)C3)cn2)cc1,O=C(NCC1CCNC1)c1cnn(-c2ccccc2)c1,1,1.2831,19.1905,0.2245,0,1,384.52,3.51,1,4,8,59.39
Cc1ccc(C(=O)N2CCCC(CO)(CCC3CC3)C2)cn1,O=C(c1cccnc1)N1CCCC(CCC2CC2)C1,1,1.2831,19.1905,0.2556,0,1,302.42,2.79,1,3,5,53.43
Cc1cc(CCCO)ccc1N1CCC2(CC1)C(=O)NC2C,O=C1NCC12CCN(c1ccccc1)CC2,1,1.2831,19.1905,0.2442,0,1,302.42,2.02,2,3,4,52.57
CCc1cc(C2CCCN(C(=O)C3CCCC3)C2)no1,O=C(C1CCCC1)N1CCCC(c2ccon2)C1,1,1.2831,19.1905,0.2048,0,1,276.38,3.13,0,3,3,46.34
O=C(c1cc([N+](=O)[O-])ccc1N1CCOCC1)N1CCN(c2ccc(C(F)(F)F)cc2)CC1,O=C(c1ccccc1N1CCOCC1)N1CCN(c2ccccc2)CC1,1,1.2838,19.2211,0.25,0,1,464.44,3.41,0,6,4,79.16
CCCCCOC(=O)NCC1CN(c2ccc(-c3ccc(=O)n(C)c3)c(F)c2)C(=O)O1,O=C1OCCN1c1ccc(-c2ccc(=O)[nH]c2)cc1,1,1.2841,19.2343,0.22,0,1,431.46,3.43,1,5,8,89.87
O=[N+]([O-])c1ccc(-n2c(O)c3c(c2O)-c2[nH]c4ccccc4c2C3)cc1,c1ccc(-n2cc3c(c2)-c2[nH]c4ccccc4c2C3)cc1,1,1.2908,19.5365,0.2375,0,1,347.33,3.85,3,4,2,104.32
CCCCCn1nc(C(=O)N2CC3CCC4CCNCC42C3)cc1-c1ccccc1,O=C(c1cc(-c2ccccc2)[nH]n1)N1CC2CCC3CCNCC31C2,1,1.292,19.5874,0.2079,0,1,406.57,4.34,1,3,6,50.16
O=C(c1cccc([N+](=O)[O-])c1)c1c(O)n(-c2cccc(C(F)(F)F)c2)n(-c2ccccc2)c1=O,O=C(c1ccccc1)c1cn(-c2ccccc2)n(-c2ccccc2)c1=O,1,1.2925,19.6102,0.25,0,1,469.38,4.49,1,5,5,107.37
O=C1CC(C(=O)N2CCCC2)(c2ccccc2)N1Cc1ccc([N+](=O)[O-])cc1,O=C1CC(C(=O)N2CCCC2)(c2ccccc2)N1Cc1ccccc1,1,1.2938,19.6706,0.275,0,1,379.42,2.85,0,4,5,83.76
O=C(O)Cn1cc(C=C2NC(Nc3cccc([N+](=O)[O-])c3)=NC2=O)c2ccccc21,O=C1N=C(Nc2ccccc2)NC1=Cc1c[nH]c2ccccc12,1,1.2949,19.7195,0.2211,0,1,405.37,2.57,3,6,5,138.86
CCOC(=O)c1c(N2CCCCC2)c([N+](=O)[O-])cc2[nH]c(=O)c(=O)[nH]c12,O=c1[nH]c2ccc(N3CCCCC3)cc2[nH]c1=O,1,1.2963,19.7847,0.2165,0,1,362.34,1.29,2,7,4,138.4
COc1c(F)cc(C(=O)c2ccc(N3CCOCC3)cc2)c(F)c1F,O=C(c1ccccc1)c1ccc(N2CCOCC2)cc1,1,1.2982,19.8695,0.2105,0,1,351.32,3.18,0,4,4,38.77
CC(C)(C)OC(=O)CCc1ccccc1N1CCNCC1,c1ccc(N2CCNCC2)cc1,1,1.2994,19.9273,0.2727,0,1,290.41,2.37,1,4,4,41.57
CCOc1ccc(C(=O)c2cccc([N+](=O)[O-])c2)c(O)c1,O=C(c1ccccc1)c1ccccc1,1,1.3026,20.0736,0.2125,0,1,287.27,2.93,1,5,5,89.67
CC#Cc1cc(-c2cncc(C#Cc3ccccc3)c2)cc(N2CCN(C)CC2)c1,C(#Cc1cncc(-c2cccc(N3CCNCC3)c2)c1)c1ccccc1,1,1.3029,20.0857,0.4167,0,1,391.52,4.27,0,3,2,19.37
COC1CCCN(c2cccc(-n3nc(C)cc3C)n2)C1,c1cc(N2CCCCC2)nc(-n2cccn2)c1,1,1.3039,20.1325,0.2222,0,1,286.38,2.5,0,4,3,43.18
CC(C)(C)OC(=O)CN1CC2(CCN(c3ccc4c(c3)-c3c(cnn3-c3ccc(F)cc3)CC4)C2)C1,c1ccc(-n2ncc3c2-c2cc(N4CCC5(CNC5)C4)ccc2CC3)cc1,1,1.3071,20.2816,0.4615,0,1,488.61,4.63,0,5,4,50.6
CC1(C)Oc2cc([N+](=O)[O-])ccc2C(N2CCCC2=O)C1O,O=C1CCCN1C1CCOc2ccccc21,1,1.3082,20.335,0.2169,0,1,306.32,1.79,1,5,2,92.91
Cc1ccc2c(c1)C(C(=O)N1CCCCC1C[N+](=O)[O-])c1ccccc1CC2,O=C(C1c2ccccc2CCc2ccccc21)N1CCCCC1,1,1.3108,20.4543,0.2022,0,1,378.47,3.88,0,3,3,63.45
CCCCCC#Cc1ccc2c(=O)n(Cc3ccccc3)ncc2c1,O=c1c2ccccc2cnn1Cc1ccccc1,1,1.316,20.7035,0.3049,0,1,330.43,4.38,0,2,5,34.89
OC1(C(F)(F)F)c2ccccc2-c2cc(N3CCNCC3)ccc21,c1ccc2c(c1)Cc1ccc(N3CCNCC3)cc1-2,1,1.3178,20.789,0.2154,0,1,334.34,2.87,2,3,1,35.5
COc1ccc(Cl)cc1NC(=O)C(=O)NCCc1csc(-c2ccc(F)cc2)n1,O=C(NCCc1csc(-c2ccccc2)n1)C(=O)Nc1ccccc1,1,1.32,20.8935,0.2159,0,1,433.89,3.91,2,5,6,80.32
COc1cccc(N2CC3COCC3(CNS(C)(=O)=O)C2)n1,c1ccc(N2CC3COCC3C2)nc1,1,1.3204,20.9132,0.2436,0,1,327.41,0.09,1,6,5,80.76
O=C(C1=CC(c2ccccc2)CC(OCCCCO)O1)N1CCOCC1,O=C(C1=CC(c2ccccc2)CCO1)N1CCOCC1,1,1.3204,20.9132,0.2174,0,1,361.44,2.05,1,5,7,68.23
CC(=O)c1ccc(N2CCN(C(=O)c3cc(S(=O)(=O)N4CCCC4)cn3C)CC2)cc1,O=C(c1cc(S(=O)(=O)N2CCCC2)c[nH]1)N1CCN(c2ccccc2)CC1,1,1.3222,20.9976,0.2198,0,1,444.56,1.97,0,5,5,82.93
c1cn(-c2ccc(CN3CC4(CCOC4)C3)cc2)cn1,c1cn(-c2ccc(CN3CC4(CCOC4)C3)cc2)cn1,1,1.3233,21.0513,0.2169,0,1,269.35,2.09,0,3,3,30.29
Cn1cc(CCC(=O)N2CCCC(n3cnc4ccccc43)C2)cn1,O=C(CCc1cn[nH]c1)N1CCCC(n2cnc3ccccc32)C1,1,1.3247,21.1227,0.2083,0,1,337.43,2.57,0,3,4,55.95
CN1CCc2c([nH]c3ccccc23)C12C(=O)Nc1cc(Cl)cc(Cl)c12,O=C1Nc2ccccc2C12NCCc1c2[nH]c2ccccc12,1,1.3259,21.1764,0.202,0,1,372.26,4.16,2,2,0,48.13
CCCc1nn(C)c2c(=O)nc(C3CCN(C(=O)c4cncnc4-c4ccccc4F)CC3)[nH]c12,O=C(c1cncnc1-c1ccccc1)N1CCC(c2nc(=O)c3[nH]ncc3[nH]2)CC1,1,1.3263,21.1983,0.2051,0,1,475.53,3.23,1,6,5,109.66
CCCCn1cc2c(=O)[nH]c(=NC(=O)Nc3ccccc3)[nH]c2n1,O=C(N=c1[nH]c(=O)c2c[nH]nc2[nH]1)Nc1ccccc1,1,1.3264,21.2055,0.2,0,1,326.36,1.99,3,3,4,107.93
O=[N+]([O-])c1cc2c(cc1CNc1cc(O)cc(O)c1)OCO2,c1ccc(NCc2ccc3c(c2)OCO3)cc1,1,1.328,21.2803,0.2619,0,1,304.26,2.35,3,7,4,114.09
COC(=O)c1c(-c2ccc(F)cc2)[nH]c2cc(O)cc(O)c12,c1ccc(-c2cc3ccccc3[nH]2)cc1,1,1.328,21.2803,0.2329,0,1,301.27,3.17,3,4,2,82.55
O=C(NCCCN1c2ccccc2CCc2ccccc21)c1cccc([N+](=O)[O-])c1,O=C(NCCCN1c2ccccc2CCc2ccccc21)c1ccccc1,1,1.3305,21.4065,0.2439,0,1,401.47,4.65,1,4,6,75.48
CC(=O)c1[nH]c2cc(-c3ccsc3)ccc2c1C1=C(c2ccc3c(c2)OCO3)C(=O)NC1=O,O=C1NC(=O)C(c2c[nH]c3cc(-c4ccsc4)ccc23)=C1c1ccc2c(c1)OCO2,1,1.3305,21.4065,0.2,0,1,456.48,4.39,2,6,4,97.49
COc1cccc2c1CCN2C(=O)CN1CC(C(C)(C)C)CCC1=O,O=C1CCCCN1CC(=O)N1CCc2ccccc21,1,1.3447,22.1152,0.2,0,1,344.46,2.87,0,3,3,49.85
CC(C)(C)OC(=O)N1CC2CC23C1=CC(=O)c1ccccc13,O=C1C=C2NCC3CC23c2ccccc21,1,1.3453,22.1441,0.2714,0,1,297.35,3.28,0,3,0,46.61
O=C1C(CC(O)=NO)CCCCC1c1ccc2c(c1)OCO2,O=C1CCCCCC1c1ccc2c(c1)OCO2,1,1.3469,22.2289,0.2022,0,1,305.33,2.99,2,5,3,88.35
CC1N(C(=O)OCc2ccccc2)CC1(Cn1cncn1)c1ccc(F)cc1F,O=C(OCc1ccccc1)N1CC(Cn2cncn2)(c2ccccc2)C1,1,1.3495,22.3615,0.2474,0,1,398.41,3.54,0,4,5,60.25
CCCCn1nnc2c(SCc3ccc([N+](=O)[O-])cc3)ncnc21,c1ccc(CSc2ncnc3[nH]nnc23)cc1,1,1.3499,22.3811,0.2247,0,1,344.4,3.22,0,7,7,99.63
CCC(Sc1ncc(C#Cc2ccccc2)cn1)C(=O)N1Cc2cnn(C)c2C1,O=C(CSc1ncc(C#Cc2ccccc2)cn1)N1Cc2cn[nH]c2C1,1,1.3499,22.3811,0.25,0,1,403.51,3.02,0,5,4,63.91
CCC(=O)N(c1ccccc1)C1(COC)CCCN(C(=O)c2ocnc2C)CC1,O=C(c1cnco1)N1CCCC(Nc2ccccc2)CC1,1,1.3502,22.3981,0.2088,0,1,399.49,3.44,0,5,6,75.88
COC(=O)c1cc2c([nH]1)C(=O)C=C1N(C(=O)OC(C)(C)C)CC3CC123,O=C1C=C2NCC3CC23c2cc[nH]c21,1,1.3508,22.4273,0.2436,0,1,344.37,2.39,1,5,1,88.7
O=C(OCC12CCN(CC1)CC2)c1cccs1,O=C(OCC12CCN(CC1)CC2)c1cccs1,1,1.352,22.4922,0.2121,0,1,251.35,2.39,0,4,3,29.54
C#Cc1cccc(N2CCN(CCC(=NOCC)c3ccccc3)CC2)c1,N=C(CCN1CCN(c2ccccc2)CC1)c1ccccc1,1,1.3532,22.5553,0.2289,0,1,361.49,3.62,0,4,7,28.07
O=C(CCc1nc2ccccc2[nH]1)N1CCN(c2cccc(F)c2)CC1,O=C(CCc1nc2ccccc2[nH]1)N1CCN(c2ccccc2)CC1,1,1.3542,22.6033,0.2766,0,1,352.41,2.98,1,3,4,52.23
CCOC(C)C(=O)Nc1cncc(C#Cc2cncc(CC)c2)c1,C(#Cc1cccnc1)c1cccnc1,1,1.3542,22.6039,0.2338,0,1,323.4,2.8,1,4,5,64.11
O=c1c(CN2CCC3(C2)CN(c2cccc(O)c2)C3)cn(-c2ccccc2)c2ccccc12,O=c1c(CN2CCC3(C2)CN(c2ccccc2)C3)cn(-c2ccccc2)c2ccccc12,1,1.357,22.7534,0.25,0,1,437.54,4.41,1,4,4,48.71
O=C(c1cccc(Cl)c1)N1CCN(c2ccc(OCCCN3CCCCCC3)cc2)CC1,O=C(c1ccccc1)N1CCN(c2ccc(OCCCN3CCCCCC3)cc2)CC1,1,1.3577,22.7887,0.2391,0,1,456.03,4.95,0,4,7,36.02
CC(C)(C)OC(=O)NC1CCC(N2CCN(c3ncc(Cc4ccccc4)s3)CC2)C1,c1ccc(Cc2cnc(N3CCN(C4CCCC4)CC3)s2)cc1,1,1.3577,22.7887,0.2903,0,1,442.63,4.3,1,6,5,57.7
Cc1ccc(C(=O)c2cc([N+](=O)[O-])ccc2C(=O)N2CCCCCC2)cc1,O=C(c1ccccc1)c1ccccc1C(=O)N1CCCCCC1,1,1.3623,23.0324,0.2597,0,1,366.42,4.15,0,4,4,80.52
Cc1ccc(S(=O)(=O)N2CC3CC3C2C(=O)NC(Cc2c[nH]c3ccccc23)C(=O)O)cc1,O=C(NCCc1c[nH]c2ccccc12)C1C2CC2CN1S(=O)(=O)c1ccccc1,1,1.3639,23.1166,0.2222,0,1,467.55,2.3,3,4,7,119.57
COc1ccc(NC(=O)Nc2cccc(-c3nccc(N4CCC4)n3)c2)cc1,O=C(Nc1ccccc1)Nc1cccc(-c2nccc(N3CCC3)n2)c1,1,1.3666,23.2606,0.2308,0,1,375.43,4.01,2,5,5,79.38
CN(CCN1CCC(CO)(Cc2cccc(Cl)c2)CC1)C(=O)C1CC1,O=C(NCCN1CCC(Cc2ccccc2)CC1)C1CC1,1,1.3696,23.4185,0.2021,0,1,364.92,2.83,1,3,7,43.78
CCCCCCc1ccc2[nH]c(=N)[nH]c(=O)c2c1,N=c1[nH]c(=O)c2ccccc2[nH]1,1,1.3705,23.4717,0.2022,0,1,245.33,2.46,3,2,5,72.5
CCCCc1nc(CN2CCC3(CC(OC)C3)C2)cs1,c1nc(CN2CCC3(CCC3)C2)cs1,1,1.3706,23.473,0.2442,0,1,294.46,3.49,0,4,6,25.36
O=C(CCC1CCCN(C(=O)CCc2ccncc2)C1)Nc1cccc(F)c1,O=C(CCC1CCCN(C(=O)CCc2ccncc2)C1)Nc1ccccc1,1,1.371,23.4959,0.2041,0,1,383.47,3.81,1,3,7,62.3
CC(C)(C)OC(=O)N1CCCC(CCCC(=O)c2ncco2)CC1,O=C(CCCC1CCCNCC1)c1ncco1,1,1.3719,23.5471,0.2706,0,1,336.43,4.06,0,5,5,72.64
COc1ccc2[nH]cc(CCNC(=S)c3cccnc3)c2c1,S=C(NCCc1c[nH]c2ccccc12)c1cccnc1,1,1.3758,23.7564,0.2222,0,1,311.41,3.08,2,3,5,49.94
O=C(c1ccc(N2CCN(Cc3ccn(-c4cccnc4)c3)CC2)cc1)N1CCCC1,O=C(c1ccc(N2CCN(Cc3ccn(-c4cccnc4)c3)CC2)cc1)N1CCCC1,1,1.3799,23.9827,0.2326,0,1,415.54,3.43,0,4,5,44.61
COc1ccc(CCNC(=O)NCc2cccc(N3CCOCC3)c2)c(OC)c1,O=C(NCCc1ccccc1)NCc1cccc(N2CCOCC2)c1,1,1.3811,24.0505,0.2062,0,1,399.49,2.58,2,5,8,72.06
CC(=O)Nc1ccc(CCCN=c2[nH]c(=Nc3ccccc3)[nH]c(=NC3(C)CCCC3)[nH]2)cc1,c1ccc(CCCN=c2[nH]c(=Nc3ccccc3)[nH]c(=NC3CCCC3)[nH]2)cc1,1,1.3864,24.3418,0.2083,0,1,459.6,3.63,4,4,7,113.55
CC1=NC(=S)NC(c2cccc([N+](=O)[O-])c2)C1C(=O)Nc1ccccc1C,O=C(Nc1ccccc1)C1C=NC(=S)NC1c1ccccc1,1,1.3882,24.444,0.2,0,1,382.45,3.55,2,4,4,96.63
O=C(CC(O)c1ccc([N+](=O)[O-])cc1)NC(CN1CCN(c2ccccc2)CC1)c1ccccc1,O=C(CCc1ccccc1)NC(CN1CCN(c2ccccc2)CC1)c1ccccc1,1,1.3907,24.5888,0.2471,0,1,474.56,3.7,2,6,9,98.95
N#CC(=Cc1ccc(-c2cc([N+](=O)[O-])ccc2Cl)cc1)C(=O)N1CCCCC1,O=C(C=Cc1ccc(-c2ccccc2)cc1)N1CCCCC1,1,1.3927,24.7013,0.2184,0,1,395.85,4.83,0,4,4,87.24
COc1ccccc1N1CCN(C(=O)Nc2ccccc2C)CC1,O=C(Nc1ccccc1)N1CCN(c2ccccc2)CC1,1,1.3936,24.7512,0.2143,0,1,325.41,3.36,1,3,3,44.81
CN(C)c1nc(N2CC3(CCN(c4cncc(-c5ccccc5)c4)C3)C2)cc(C(F)(F)F)n1,c1ccc(-c2cncc(N3CCC4(C3)CN(c3ccncn3)C4)c2)cc1,1,1.3957,24.8735,0.4384,1,1,454.5,4.34,0,6,4,48.39
CC1=Nc2cc(C(=O)N3CCN(Cc4ccc5c(c4)OCO5)CC3)ccc2Sc2ccccc21,O=C(c1ccc2c(c1)N=Cc1ccccc1S2)N1CCN(Cc2ccc3c(c2)OCO3)CC1,1,1.3957,24.8735,0.3085,0,1,471.58,4.98,0,6,3,54.37
C=C(C)CCN1CC=C(c2cncc(Cl)c2)C(C)(C)C1,C1=C(c2cccnc2)CCNC1,1,1.3966,24.9222,0.2025,0,1,290.84,4.43,0,2,4,16.13
CCOC(=O)C(CC)Sc1ccc2nnc(-c3ccc(F)cc3)n2n1,c1ccc(-c2nnc3cccnn23)cc1,1,1.3973,24.965,0.225,0,1,360.41,3.36,0,6,6,69.38
CCCn1ncc(C(=O)N2CCN(c3cccnc3)CC2)c1C,O=C(c1cn[nH]c1)N1CCN(c2cccnc2)CC1,1,1.3993,25.0806,0.2366,0,1,313.41,1.96,0,4,4,54.26
CC(C)(C)OC(=O)N1CCC(COc2cccc(NC(=O)NC3CC3)c2)CC1,O=C(Nc1cccc(OCC2CCNCC2)c1)NC1CC1,1,1.3998,25.1089,0.2933,0,1,389.5,4.0,2,4,5,79.9
N=C(N)c1cccc(N(C(=O)C(=O)O)c2ccc(C#Cc3cccc(F)c3)cc2)c1,C(#Cc1ccc(Nc2ccccc2)cc1)c1ccccc1,1,1.4002,25.1315,0.2024,0,1,401.4,3.26,3,3,3,107.48
C#CCn1c(C(F)(F)F)nc2cc(Cl)c(N3CCC4(CC3)CN(c3cncn3C)C4)cc21,c1ncc(N2CC3(CCN(c4ccc5nc[nH]c5c4)CC3)C2)[nH]1,1,1.4004,25.1414,0.2353,0,1,462.91,4.18,0,4,3,42.12
Cc1nc(C)c(C(=O)N2CCN(c3ccc(C#CC(C)(C)O)cc3)C(=O)C2)o1,O=C(c1cnco1)N1CCN(c2ccccc2)C(=O)C1,1,1.4045,25.3798,0.2235,0,1,381.43,1.9,1,5,2,86.88
COC(=O)C1=C(c2ccccc2)CC2CCC1N2C(=O)NCc1cccnc1,O=C(NCc1cccnc1)N1C2C=C(c3ccccc3)CC1CC2,1,1.4066,25.5059,0.234,0,1,377.44,3.15,1,4,4,71.53
O=C(CCc1ccccc1)N1CC2CCC(C2)CN1C(=O)C1CC1,O=C(CCc1ccccc1)N1CC2CCC(C2)CN1C(=O)C1CC1,1,1.4066,25.5059,0.2346,0,1,326.44,3.03,0,2,4,40.62
CCCCCOc1ccc2oc(=O)c(C(=O)N3CCN(c4ccccc4)CC3)cc2c1,O=C(c1cc2ccccc2oc1=O)N1CCN(c2ccccc2)CC1,1,1.4072,25.5406,0.2584,0,1,420.51,4.32,0,5,7,62.99
O=C(NN=Cc1ccc(O)cc1)c1cccc([N+](=O)[O-])c1,O=C(NN=Cc1ccccc1)c1ccccc1,1,1.4113,25.7805,0.2179,0,1,285.26,2.06,2,5,4,104.83
CCn1c2c(c3ccccc31)CCN1C(=O)c3ccc([N+](=O)[O-])cc3C21,O=C1c2ccccc2C2c3[nH]c4ccccc4c3CCN12,1,1.4116,25.8014,0.2273,0,1,347.37,3.67,0,3,2,68.38
CC(=O)c1ccc(N2CCN(C(=O)C(C)Oc3ccc(Br)cc3)CC2)cc1,O=C(COc1ccccc1)N1CCN(c2ccccc2)CC1,1,1.4119,25.8164,0.2254,0,1,431.33,3.77,0,4,5,49.85
COc1ccc(Cl)cc1NC(=O)CN(C)CC(=O)NCc1ccc2c(c1)OCO2,O=C(CNCC(=O)Nc1ccccc1)NCc1ccc2c(c1)OCO2,1,1.4153,26.0185,0.2041,0,1,419.87,2.26,2,6,8,89.13
CC(N1CCNCC1)C(F)(Oc1cncc(N2CCC(C(C)(C)O)CC2)c1)c1ccccc1,c1ccc(C(CN2CCNCC2)Oc2cncc(N3CCCCC3)c2)cc1,1,1.417,26.1188,0.2706,0,1,456.61,3.56,2,6,7,60.86
CC(C)N(Cc1c[nH]c2ccccc12)c1cccnc1,c1cncc(NCc2c[nH]c3ccccc23)c1,1,1.4195,26.2723,0.2472,0,1,265.36,3.98,1,2,4,31.92
COC(=O)C1C(c2ccccc2)C(C(=O)OC(C)(C)C)C12C(=O)Nc1ccc(Br)cc12,O=C1Nc2ccccc2C12CC(c1ccccc1)C2,1,1.4211,26.3688,0.2152,0,1,486.36,4.18,1,5,3,81.7
Cc1ccc(C#Cc2ccc3c(c2)OCC2C(COC(=O)N4CCOCC4)OC(=O)N32)cn1,O=C(OCC1OC(=O)N2c3ccc(C#Cc4cccnc4)cc3OCC12)N1CCOCC1,1,1.4221,26.4298,0.2083,0,1,449.46,2.34,0,7,2,90.43
O=C(O)C1NCCN(C(=O)c2ccc(OCCCCc3ccccc3)cc2)C1C(=O)O,O=C(c1ccc(OCCCCc2ccccc2)cc1)N1CCNCC1,1,1.4267,26.7129,0.2472,0,1,426.47,2.04,3,5,9,116.17
O=C(c1cccs1)N1CCC2(C1)CN(c1ncccn1)C2,O=C(c1cccs1)N1CCC2(C1)CN(c1ncccn1)C2,1,1.4271,26.7339,0.3231,0,1,300.39,1.89,0,5,2,49.33
O=C(C1CCCO1)N1CCN(Cc2ccc3c(c2)OCO3)CC1,O=C(C1CCCO1)N1CCN(Cc2ccc3c(c2)OCO3)CC1,1,1.4271,26.7339,0.2529,0,1,318.37,1.24,0,5,3,51.24
Cn1cc(N2Cc3nc(CCCCc4ccccc4)sc3C2=O)cn1,O=C1c2sc(CCCCc3ccccc3)nc2CN1c1cn[nH]c1,1,1.4282,26.8054,0.2247,0,1,352.46,3.6,0,4,6,51.02
CC1(c2ccc(C#N)cc2)NC(=O)N(CC(=O)Nc2cc(F)ccc2N2CCOCC2)C1=O,O=C(CN1C(=O)NC(c2ccccc2)C1=O)Nc1ccccc1N1CCOCC1,1,1.4282,26.8055,0.2021,0,1,451.46,1.94,2,6,5,114.77
COc1ccc(CN2C(=O)C(C)(C)c3cc([N+](=O)[O-])ccc32)cc1,O=C1Cc2ccccc2N1Cc1ccccc1,1,1.4346,27.2007,0.2118,0,1,326.35,3.43,0,4,4,72.68
COc1ccc(CN(C(=O)c2ccc3c(c2)OCO3)C2CCS(=O)(=O)C2)cc1,O=C(c1ccc2c(c1)OCO2)N(Cc1ccccc1)C1CCS(=O)(=O)C1,1,1.4355,27.2584,0.2316,0,1,403.46,2.25,0,6,5,82.14
O=C(c1cc2ccccc2oc1=O)N1CCN(c2cccc3c2OCO3)CC1,O=C(c1cc2ccccc2oc1=O)N1CCN(c2cccc3c2OCO3)CC1,1,1.4418,27.6571,0.2151,0,1,378.38,2.48,0,6,2,72.22
CC(C)(C)OC(=O)N1CC2(CCN(C(=O)C3CCCN(C(=N)N)C3)C2)C1,O=C(C1CCCNC1)N1CCC2(CNC2)C1,1,1.4418,27.6581,0.4,0,1,365.48,1.06,2,4,1,102.96
O=C(Nc1ccccc1)N1CCN(c2ccc(NC(=O)N3Cc4ccc(F)cc4C3)cc2)CC1,O=C(Nc1ccccc1)N1CCN(c2ccc(NC(=O)N3Cc4ccccc4C3)cc2)CC1,1,1.4436,27.7744,0.2179,0,1,459.53,4.73,2,3,3,67.92
C#Cc1ccc(Cl)c(NC(=O)CCC(=O)OCC(=O)c2cccc([N+](=O)[O-])c2)c1,O=C(CCC(=O)OCC(=O)c1ccccc1)Nc1ccccc1,1,1.4447,27.8446,0.2065,0,1,414.8,3.37,1,6,8,115.61
N#Cc1ccc2[nH]cc(Cc3[nH]c(=O)n(-c4cc(Cl)cc(Cl)c4)c3O)c2c1,O=c1[nH]c(Cc2c[nH]c3ccccc23)cn1-c1ccccc1,1,1.4451,27.8689,0.2245,0,1,399.24,4.12,3,3,3,97.6
Cc1cccc(-n2cc(C(O)N3CCC4(CN(c5ccc(C#N)c(C(F)(F)F)c5)C4)C3)cc2O)c1,c1ccc(N2CC3(CCN(Cc4ccn(-c5ccccc5)c4)C3)C2)cc1,1,1.446,27.9253,0.2234,0,1,482.51,4.59,2,5,4,75.66
Cc1ncc([N+](=O)[O-])n1CCOC(=O)c1ccc2c(c1)OCO2,O=C(OCCn1ccnc1)c1ccc2c(c1)OCO2,1,1.4472,28.0015,0.3068,0,1,319.27,1.69,0,7,5,105.72
O=C(C1CCCCN1S(=O)(=O)c1ccc([N+](=O)[O-])cc1)N1CCOCC1,O=C(C1CCCCN1S(=O)(=O)c1ccccc1)N1CCOCC1,1,1.4478,28.0433,0.2222,0,1,383.43,1.0,0,6,4,110.06
O=C(Oc1ccccc1)c1[nH]cnc1C(=O)N1CCc2[nH]c3ccccc3c2C1,O=C(Oc1ccccc1)c1[nH]cnc1C(=O)N1CCc2[nH]c3ccccc3c2C1,1,1.45,28.1856,0.2157,0,1,386.41,3.31,2,4,3,91.08
CN(C)c1ccc2ncn(CCC(=O)N=c3ccc4ccccc4[nH]3)c(=O)c2c1,O=C(CCn1cnc2ccccc2c1=O)N=c1ccc2ccccc2[nH]1,1,1.45,28.1856,0.2075,0,1,387.44,2.46,1,4,4,83.35
CCOc1cccc2c1ccn2CC(=O)NCCc1c[nH]c2ccccc12,O=C(Cn1ccc2ccccc21)NCCc1c[nH]c2ccccc12,1,1.45,28.1856,0.2626,0,1,361.45,3.88,2,2,7,59.05
Nc1ccccc1OCCCc1ccccc1,c1ccc(CCCOc2ccccc2)cc1,1,1.4505,28.2134,0.2222,0,1,227.31,3.28,1,2,5,35.25
CCOC1OC(C(=O)N2CCC(F)C2)=CC(c2ccc3c(c2)OCO3)C1CCCO,O=C(C1=CC(c2ccc3c(c2)OCO3)CCO1)N1CCCC1,1,1.452,28.3154,0.2475,0,1,421.47,2.73,1,6,7,77.46
CCOC(=O)c1cnc(N2CCC3(C2)CN(C(=O)C(C)(C)O)c2ccccc2O3)c(Cl)c1,c1ccc(N2CCC3(CNc4ccccc4O3)C2)nc1,1,1.4529,28.3714,0.2473,0,1,459.93,3.06,1,7,4,92.2
Cc1ccc(C(=O)C(=O)NCCCc2ccccc2)o1,O=C(NCCCc1ccccc1)C(=O)c1ccco1,1,1.4556,28.5485,0.2099,0,1,271.32,2.52,1,3,6,59.31
CC1=NC(=O)NC(c2ccc3c(c2)OCO3)C1C(=O)Nc1ccccc1F,O=C1N=CC(C(=O)Nc2ccccc2)C(c2ccc3c(c2)OCO3)N1,1,1.4557,28.5565,0.2041,0,1,369.35,3.03,2,4,3,89.02
c1ccc(N2CCN(c3nc(-c4cccnc4)nnc3N3CCCCC3)CC2)cc1,c1ccc(N2CCN(c3nc(-c4cccnc4)nnc3N3CCCCC3)CC2)cc1,1,1.4645,29.1395,0.2059,0,1,401.52,3.25,0,7,4,61.28
CCc1ccc(-c2ccc(C(=O)N3CCCC4(CC3)COC(=O)N4)cc2)cc1,O=C1NC2(CCCN(C(=O)c3ccc(-c4ccccc4)cc3)CC2)CO1,1,1.4656,29.2114,0.2308,0,1,378.47,4.02,1,3,3,58.64
Cc1ccsc1C(=O)NC1(C#N)CCN(Cc2ccccc2)C1,O=C(NC1CCN(Cc2ccccc2)C1)c1cccs1,1,1.4718,29.6366,0.2043,0,1,325.44,2.95,1,4,4,56.13
CC(C)(C)n1c(CN2CCN(Cc3ccccc3)CC2)cnc1S(=O)(=O)N1CCCC1,O=S(=O)(c1ncc(CN2CCN(Cc3ccccc3)CC2)[nH]1)N1CCCC1,1,1.4724,29.6732,0.2022,0,1,445.63,2.74,0,5,6,61.68
COC(=O)c1cc(S(C)(=O)=O)c(N2CCOCC2)cc1N1CCCC1,c1cc(N2CCCC2)cc(N2CCOCC2)c1,1,1.4727,29.6969,0.2113,0,1,368.46,1.31,0,7,4,76.15
CN(C)c1cc(C=CC(=O)c2ccc(Cl)c(Cl)c2)cc([N+](=O)[O-])c1,O=C(C=Cc1ccccc1)c1ccccc1,1,1.4765,29.9538,0.2073,0,1,365.22,4.86,0,4,5,63.45
Cc1ccc(S(=O)(=O)NC(=O)C2(C)CCCN(Cc3cccc(Br)c3)C2)cc1,O=C(NS(=O)(=O)c1ccccc1)C1CCCN(Cc2ccccc2)C1,1,1.4785,30.0921,0.2073,0,1,465.41,3.86,1,4,5,66.48
O=c1[nH]c2cc([N+](=O)[O-])ccc2c(=O)n1CCCCN1CCN(c2cccc(Cl)c2)CC1,O=c1[nH]c2ccccc2c(=O)n1CCCCN1CCN(c2ccccc2)CC1,1,1.4794,30.1582,0.2234,0,1,457.92,2.85,1,6,7,104.48
CC(C)C(OC(=O)c1ccccc1NC(=O)OC(C)(C)C)C(=O)NCc1ccccc1,O=C(COC(=O)c1ccccc1)NCc1ccccc1,1,1.4826,30.3785,0.2088,0,1,426.51,4.53,2,5,7,93.73
COc1c(F)cccc1-c1cc(C(=O)NCCCN2CCN(CCc3ccccc3)CC2)[nH]n1,O=C(NCCCN1CCN(CCc2ccccc2)CC1)c1cc(-c2ccccc2)n[nH]1,1,1.4842,30.4937,0.2222,0,1,465.57,3.2,2,5,10,73.49
COc1ccc(OCC(=O)N2CCCC(C(=O)NCc3ccccc3)C2)cc1,O=C(NCc1ccccc1)C1CCCN(C(=O)COc2ccccc2)C1,1,1.4853,30.5689,0.2174,0,1,382.46,2.63,1,4,7,67.87
CN1CC(CN2CCN(c3ccc(F)cn3)CC2)C2(CCOCC2)S1(=O)=O,O=S1(=O)NCC(CN2CCN(c3ccccn3)CC2)C12CCOCC2,1,1.4858,30.6022,0.2,0,1,398.5,0.78,0,6,3,65.98
O=C(C1CN(CCN2CCOCC2)C2CCCCC12)N1CCN(c2ccc(F)cc2)CC1,O=C(C1CN(CCN2CCOCC2)C2CCCCC12)N1CCN(c2ccccc2)CC1,1,1.4858,30.6022,0.2169,0,1,444.6,2.3,0,5,5,39.26
CC(NC(=O)C1(NC(=O)C(F)(F)F)CC1)c1csc(-c2cc(F)cc(Cl)c2)n1,O=C(NCc1csc(-c2ccccc2)n1)C1CC1,1,1.4883,30.7816,0.2045,0,1,435.83,3.99,2,4,5,71.09
O=C(N=c1c2c([nH]n1-c1ccc(Cl)cc1)CS(=O)(=O)C2)c1ccc2c(c1)OCCO2,O=C(N=c1c2c([nH]n1-c1ccccc1)CS(=O)(=O)C2)c1ccc2c(c1)OCCO2,1,1.4919,31.0406,0.2188,0,1,445.88,2.4,1,5,2,102.75
Cc1ccc(CN(C)CC(=O)N2CCN(c3ccc([N+](=O)[O-])cc3)CC2)o1,O=C(CNCc1ccco1)N1CCN(c2ccccc2)CC1,1,1.4928,31.1036,0.253,0,1,372.43,2.28,0,6,6,83.07
Cc1cc(C=NNC(=O)c2ccccc2O)c(C)n1-c1ccc([N+](=O)[O-])cc1,O=C(NN=Cc1ccn(-c2ccccc2)c1)c1ccccc1,1,1.4936,31.1592,0.2184,0,1,378.39,3.47,2,5,5,109.76
CCC(C)(C)OC(=O)N1CCN(C2CCC(C(C)C)CC2)CC1,C1CCC(N2CCNCC2)CC1,1,1.4937,31.1698,0.2308,0,1,324.51,4.14,0,3,4,32.78
COc1cc(C=CC(=O)c2cccnc2)ccc1OCCCN1CCN(c2ccccc2)CC1,O=C(C=Cc1ccc(OCCCN2CCN(c3ccccc3)CC2)cc1)c1cccnc1,1,1.4945,31.227,0.23,0,1,457.57,4.58,0,6,10,54.9
CCc1c(C(=O)N2CC[S+]([O-])CC2)cnc2[nH]c(OC)nc12,O=C(c1cnc2[nH]cnc2c1)N1CC[SH+]CC1,1,1.495,31.2641,0.2041,0,1,322.39,0.73,1,5,3,94.17
O=C(Oc1ccccc1)N1CCN(c2ccccc2)CC1,O=C(Oc1ccccc1)N1CCN(c2ccccc2)CC1,1,1.4978,31.4642,0.2656,0,1,282.34,3.01,0,3,2,32.78
CCNC(=O)C(Cc1ccccc1)N1CCC(O)(c2ccc(Cl)cc2)CC1,c1ccc(CCN2CCC(c3ccccc3)CC2)cc1,1,1.499,31.5465,0.2111,0,1,386.92,3.37,2,3,6,52.57
O=[N+]([O-])c1ccc2nc(N3CCN(c4ncc(C(F)(F)F)cc4Cl)CC3)ccc2c1,c1ccc(N2CCN(c3ccc4ccccc4n3)CC2)nc1,1,1.5009,31.6909,0.2045,0,1,437.81,4.54,0,6,3,75.4
COC(N)c1cc(OC(C)=O)cc(C(=O)N2CCC3(CC2)NC(=O)Cc2ccc(Cl)cc23)c1,O=C1Cc2ccccc2C2(CCN(C(=O)c3ccccc3)CC2)N1,1,1.5016,31.7407,0.2021,0,1,471.94,2.67,2,6,4,110.96
COc1ccc(-c2cc3nc(C(=O)N4CCC5(CC4)CNC(C(=O)O)C5)cc(=O)n3[nH]2)cc1,O=C(c1cc(=O)n2[nH]c(-c3ccccc3)cc2n1)N1CCC2(CCNC2)CC1,1,1.508,32.2121,0.2151,0,1,451.48,1.37,3,6,4,129.03
Cc1cnc(=Nc2ccc3[nH]ncc3c2)[nH]c1C#Cc1ccccc1,C(#Cc1ccnc(=Nc2ccc3[nH]ncc3c2)[nH]1)c1ccccc1,1,1.5087,32.2639,0.2609,0,1,325.38,3.23,2,3,1,69.72
CN1CCC(CNC(=O)COc2cccc(Br)c2)C1,O=C(COc1ccccc1)NCC1CCNC1,1,1.5112,32.4468,0.2,0,1,327.22,1.9,1,3,5,41.57
COc1ccc(Br)cc1C(=O)NC(=S)N1CCCC1,O=C(NC(=S)N1CCCC1)c1ccccc1,1,1.5112,32.4468,0.2143,0,1,343.25,2.57,1,3,2,41.57
O=C(C=Cc1cccc([N+](=O)[O-])c1)Nc1ccccc1C(=O)O,O=C(C=Cc1ccccc1)Nc1ccccc1,1,1.5127,32.5641,0.2125,0,1,312.28,2.94,2,4,5,109.54
O=C(C=Cc1ccccc1)OCCc1ccc([N+](=O)[O-])cc1,O=C(C=Cc1ccccc1)OCCc1ccccc1,1,1.5127,32.5641,0.2208,0,1,297.31,3.39,0,4,6,69.44
NC(=O)c1ccccc1NC(=O)COC(=O)CCCc1ccccc1,O=C(COC(=O)CCCc1ccccc1)Nc1ccccc1,1,1.5127,32.5641,0.2,0,1,340.38,2.29,2,4,8,98.49
CCOC(=O)c1ccccc1C(=O)CCc1ccccc1,O=C(CCc1ccccc1)c1ccccc1,1,1.5127,32.5641,0.2208,0,1,282.34,3.68,0,3,6,43.37
O=C(O)c1ccc(NCCc2ccccc2)c([N+](=O)[O-])c1,c1ccc(CCNc2ccccc2)cc1,1,1.5127,32.5641,0.2078,0,1,286.29,2.95,2,4,6,92.47
CS(=O)(=O)N1CCN(c2nccnc2C2CN(C(=O)c3nc4ccccc4[nH]3)C2)CC1,O=C(c1nc2ccccc2[nH]1)N1CC(c2nccnc2N2CCNCC2)C1,1,1.5131,32.5882,0.2062,0,1,441.52,0.67,1,7,4,115.39
CN(C)CCNC(=O)N1CCc2nc(C#Cc3ccccc3)sc2CC1,C(#Cc1nc2c(s1)CCNCC2)c1ccccc1,1,1.5156,32.7815,0.2561,0,1,368.51,2.21,1,4,3,48.47
COCC(=O)N1CC2(CCN(C(=O)c3cc[nH]c3Cl)CC2)C1,O=C(c1cc[nH]c1)N1CCC2(CC1)CNC2,1,1.5255,33.5369,0.2535,0,1,325.8,1.38,1,3,3,65.64
CNC1CCN(C(=O)c2ccc(C#Cc3cccc(F)c3)cn2)C1,O=C(c1ccc(C#Cc2ccccc2)cn1)N1CCCC1,1,1.5275,33.6933,0.2561,0,1,323.37,2.05,1,3,2,45.23
CCN(CC)C(C(=O)NNC(=O)c1cccc([N+](=O)[O-])c1)c1cccc2ccccc12,O=C(Cc1cccc2ccccc12)NNC(=O)c1ccccc1,1,1.5281,33.7355,0.2069,0,1,420.47,3.59,2,5,7,104.58
COc1ccc2c(c1)C(=O)C(O)(c1ccc(F)cc1)C2,O=C1c2ccccc2CC1c1ccccc1,1,1.5324,34.0724,0.2027,0,1,272.28,2.46,1,3,2,46.53
Cc1cc(=NC(=O)C=Cc2ccc3c(c2)OCO3)[nH]o1,O=C(C=Cc1ccc2c(c1)OCO2)N=c1cco[nH]1,1,1.5324,34.0724,0.2022,0,1,272.26,1.79,1,4,2,76.82
COc1cccc(C2(O)CCCN(C)C2)c1,c1ccc(C2CCCNC2)cc1,1,1.5361,34.3669,0.209,0,1,221.3,1.61,1,3,2,32.7
O=C(CCc1ccccc1)N1CCC2(CC1)COC1C(O)CC(O)CC1O2,O=C(CCc1ccccc1)N1CCC2(CC1)COC1CCCCC1O2,1,1.5395,34.6373,0.2308,0,1,375.47,1.28,2,5,3,79.23
O=C(COC(=O)c1ccc2c(c1)OCO2)c1cccc(Br)c1,O=C(COC(=O)c1ccc2c(c1)OCO2)c1ccccc1,1,1.5404,34.7021,0.2651,0,1,363.16,3.22,0,5,4,61.83
O=C(NCCCCCCC(O)=NO)c1ccc(C(=O)N2CCOCC2)cc1,O=C(c1ccccc1)N1CCOCC1,1,1.5412,34.7665,0.2,0,1,377.44,2.18,3,5,9,111.46
CCCn1c(SCC(=O)N2CCCC2)nc2ccccc2c1=O,O=C(CSc1nc2ccccc2c(=O)[nH]1)N1CCCC1,1,1.5417,34.8105,0.2062,0,1,331.44,2.52,0,4,5,55.2
Cn1c(C2CCN(C(=O)C(C)(C)O)C2)nc2c(=N)[nH]c(C#Cc3ccccc3)nc21,N=c1[nH]c(C#Cc2ccccc2)nc2[nH]c(C3CCNC3)nc12,1,1.542,34.8351,0.2759,0,1,404.47,1.26,3,5,2,110.89
COc1cccc(N2CCN(C(=O)c3c[nH]c4cc(OC)ccc34)CC2)c1,O=C(c1c[nH]c2ccccc12)N1CCN(c2ccccc2)CC1,1,1.5421,34.8385,0.2211,0,1,365.43,3.15,1,4,4,57.8
O=[N+]([O-])c1ccc(NN2CCCCC2)c([N+](=O)[O-])c1,c1ccc(NN2CCCCC2)cc1,1,1.5449,35.0683,0.2055,0,1,266.26,2.32,1,6,4,101.55
O=[N+]([O-])c1ccccc1NCC1(O)CCCCC1,c1ccc(NCC2CCCCC2)cc1,1,1.5449,35.0683,0.2,0,1,250.3,2.7,2,4,4,75.4
O=C(CCc1ccccc1)N1CCC(C(O)=NO)(S(=O)(=O)c2ccc(Oc3ccccc3)cc2)C1,O=C(CCc1ccccc1)N1CCC(S(=O)(=O)c2ccc(Oc3ccccc3)cc2)C1,1,1.5468,35.2219,0.2391,0,1,494.57,4.2,2,6,8,116.5
CCCCCNC(=NC#N)NCCCCNC(=O)C1CSCN1C(=O)OC(C)(C)C,C1CSCN1,1,1.548,35.3223,0.236,0,1,440.61,2.4,3,6,10,118.85
Cc1cc(N2CCOCC2)cc(N2CCN(C(=O)c3ccc(-c4ccccc4)cc3)CC2)n1,O=C(c1ccc(-c2ccccc2)cc1)N1CCN(c2cc(N3CCOCC3)ccn2)CC1,1,1.5491,35.4097,0.241,0,1,442.56,3.86,0,5,4,48.91
CC(NC(=O)OC(C)(C)C)C(=O)NCCCOCc1ccccc1,c1ccccc1,1,1.5518,35.631,0.2619,0,1,336.43,2.62,2,4,8,76.66
COC(=O)c1ccc2nc(C)cc(N3CCCC3)c2c1,c1ccc2c(N3CCCC3)ccnc2c1,1,1.5555,35.9354,0.2143,0,1,270.33,2.93,0,4,2,42.43
O=C(CCCN1C(=O)c2ccc([N+](=O)[O-])cc2C1=O)N1CCN(C(=O)c2ccco2)CC1,O=C(CCCN1C(=O)c2ccccc2C1=O)N1CCN(C(=O)c2ccco2)CC1,1,1.5566,36.0268,0.2247,0,1,440.41,1.55,0,7,6,134.28
CSc1nc(=NC(C)=O)c2[nH]n(CCc3ccccc3)c(=O)c2[nH]1,N=c1nc[nH]c2c(=O)n(CCc3ccccc3)[nH]c12,1,1.5576,36.1113,0.2065,0,1,343.41,1.46,2,4,4,95.9
COc1ccc(C=NNC(=O)c2cccc(N3CCN(c4ccc(F)cc4)CC3)c2)cc1,O=C(NN=Cc1ccccc1)c1cccc(N2CCN(c3ccccc3)CC2)c1,1,1.562,36.4752,0.2317,0,1,432.5,3.92,1,5,6,57.17
CC(C)(C)C(CO)n1cc(C(=O)c2cc(=NC(=O)CCc3ccccc3)cc[nH]2)c2ccccc21,O=C(CCc1ccccc1)N=c1cc[nH]c(C(=O)c2c[nH]c3ccccc23)c1,1,1.5666,36.86,0.2079,0,1,469.59,4.84,2,3,7,87.45
CCCCCCCCS(=O)(=O)c1ncc(Cl)c(C(=O)OCC)n1,c1cncnc1,1,1.5712,37.2572,0.2048,0,1,362.88,3.44,0,6,10,86.22
CCOC(=O)C(CC(C)C)N1C(=O)CCC1C(=O)NCCc1c[nH]c2ccccc12,O=C1CCC(C(=O)NCCc2c[nH]c3ccccc23)N1,1,1.5736,37.4621,0.2571,0,1,413.52,2.8,2,4,9,91.5
CCN(CC)C(=O)CN1CCCC(CO)(Cc2cccc(C(=N)N)c2)C1,c1ccc(CC2CCCNC2)cc1,1,1.5739,37.4919,0.2211,0,1,360.5,1.46,3,4,8,93.65
O=C(Cn1c(=O)c2cccn2c2cccnc21)N1CCN(CCc2ccccc2)CC1,O=C(Cn1c(=O)c2cccn2c2cccnc21)N1CCN(CCc2ccccc2)CC1,1,1.5786,37.8961,0.2,0,1,415.5,2.04,0,4,5,62.85
CC1c2cccn2CCN1C(=O)c1cncc(Cc2n[nH]c(=O)c3ccccc23)c1,O=C(c1cncc(Cc2n[nH]c(=O)c3ccccc23)c1)N1CCn2cccc2C1,1,1.5786,37.8961,0.2,0,1,399.45,2.93,1,4,3,83.88
Oc1ccccc1C1(CN2CCN(c3ccccc3)CC2)CCCC1,c1ccc(N2CCN(CC3(c4ccccc4)CCCC3)CC2)cc1,1,1.5853,38.4856,0.2063,0,1,336.48,4.03,1,3,4,26.71
CNC(=O)c1ccc2cccc(CN3CCN(c4ccccc4)CC3)c2c1OC,c1ccc(N2CCN(Cc3cccc4ccccc34)CC2)cc1,1,1.5866,38.602,0.2025,0,1,389.5,3.53,1,4,5,44.81
O=C(CN1CCN(Cc2ccc3c(c2)OCO3)C1=O)NCc1ccccc1,O=C(CN1CCN(Cc2ccc3c(c2)OCO3)C1=O)NCc1ccccc1,1,1.5883,38.7541,0.2198,0,1,367.41,1.97,1,4,6,71.11
CC(CS)C(=O)N1CC2(CC(c3cccc(N4CCC4)c3)=NO2)CC1C(=O)N1CCSC1,O=C(C1CC2(CN1)CC(c1cccc(N3CCC3)c1)=NO2)N1CCSC1,1,1.5891,38.8252,0.2,0,1,474.65,2.46,1,7,5,65.45
COc1ccc(C#N)cc1NC(=O)C(C)(C)N1CCCCC1,O=C(CN1CCCCC1)Nc1ccccc1,1,1.591,38.9927,0.2025,0,1,301.39,2.77,1,4,4,65.36
CC(=O)NCC1CN(c2ccc(N3CCN(C(=O)C4CCC(C)(C)N(C)C4)CC3)c(F)c2)C(=O)O1,O=C(C1CCCNC1)N1CCN(c2ccc(N3CCOC3=O)cc2)CC1,1,1.5941,39.2747,0.2095,0,1,489.59,2.06,1,6,5,85.43
O=C(C1C2CCC1N(C(=O)c1ccc(C#Cc3cccc(Cl)c3)cc1)C2)N1CCOCC1,O=C(C1C2CCC1N(C(=O)c1ccc(C#Cc3ccccc3)cc1)C2)N1CCOCC1,1,1.6086,40.604,0.25,0,1,448.95,3.45,0,3,2,49.85
O=C(c1ccc(F)cc1)N1CCn2c(nnc2-c2cccnc2)C1,O=C(c1ccccc1)N1CCn2c(nnc2-c2cccnc2)C1,1,1.6098,40.7222,0.2632,0,1,323.33,2.14,0,4,2,63.91
COc1cc(N)c(Cl)cc1C(=O)N1CCCC(N2CCN(c3ccc(F)cc3)CC2)C1,O=C(c1ccccc1)N1CCCC(N2CCN(c3ccccc3)CC2)C1,1,1.6104,40.7719,0.2273,0,1,446.95,3.5,1,5,4,62.04
CN(Cc1nc(Br)c[nH]1)C(=O)C(NC(=O)OC(C)(C)C)C1CCCCC1,O=C(CC1CCCCC1)NCc1ncc[nH]1,1,1.6114,40.8736,0.225,0,1,429.36,3.6,2,4,5,87.32
Cc1ccc(S(=O)(=O)N2CCN(CCCc3c[nH]c4ccc(N)cc34)CC2)cc1,O=S(=O)(c1ccccc1)N1CCN(CCCc2c[nH]c3ccccc23)CC1,1,1.6119,40.9152,0.2323,0,1,412.56,3.0,2,4,6,82.43
CC(C)(O)C#CC#Cc1cncc(-c2nc3ccc(C(N)=O)cc3n2C2CCC2)c1,c1cncc(-c2nc3ccccc3n2C2CCC2)c1,1,1.6125,40.977,0.2333,0,1,398.47,3.05,2,4,3,94.03
Brc1cc(CNCCc2c[nH]c3ccccc23)c2n[nH]cc2c1,c1cc(CNCCc2c[nH]c3ccccc23)c2n[nH]cc2c1,1,1.617,41.3979,0.2316,0,1,369.27,4.14,3,2,5,56.5
CCNCCN=c1[nH]c2ccccc2n2c(N3CCN(c4ccccc4)CC3)nnc12,N=c1[nH]c2ccccc2n2c(N3CCN(c4ccccc4)CC3)nnc12,1,1.617,41.3979,0.2078,0,1,416.53,2.05,2,6,6,76.85
COc1ccccc1N1CCN(C(=O)C(=O)c2c[nH]c3cccc(C)c23)CC1,O=C(C(=O)N1CCN(c2ccccc2)CC1)c1c[nH]c2ccccc12,1,1.617,41.3979,0.2051,0,1,377.44,3.02,1,4,4,65.64
Cn1ncc(-c2csc(N3CCN(C(C)(C)C(=O)OC4CCCC4)CC3)n2)c1-c1ccncc1,O=C(CN1CCN(c2nc(-c3cn[nH]c3-c3ccncc3)cs2)CC1)OC1CCCC1,1,1.6183,41.5276,0.2088,0,1,480.64,3.99,0,8,6,76.38
O=C(c1cnc(N2CCN(c3ccccc3)CC2)c([N+](=O)[O-])c1)c1cccc2ccccc12,O=C(c1ccc(N2CCN(c3ccccc3)CC2)nc1)c1cccc2ccccc12,1,1.6244,42.1118,0.2805,0,1,438.49,4.7,0,6,5,79.58
Cc1cnc2c(-n3cnc(-c4cnn(C)c4)c3)cccc2c1-c1cncc(N2CCC3(CNC3)C2)c1,c1cc(-n2cnc(-c3cn[nH]c3)c2)c2nccc(-c3cncc(N4CCC5(CNC5)C4)c3)c2c1,1,1.625,42.1688,0.3846,1,1,476.59,3.99,1,6,4,76.69
CNC(=O)C(Cc1ccccc1)NC(=O)C(CC(C)C)NC(=O)OC(C)(C)C,c1ccccc1,1,1.6275,42.409,0.2184,0,1,391.51,2.4,3,4,8,96.53
CN1CCN(c2ccc3c(c2)OCN(C(=O)CCCc2c[nH]c4ccccc24)C3)CC1,O=C(CCCc1c[nH]c2ccccc12)N1COc2cc(N3CCNCC3)ccc2C1,1,1.628,42.4587,0.3723,0,1,418.54,3.62,1,4,5,51.81
COc1ccnc(N2CCC3(CC2)C(=O)N(C)c2ccc(Cl)cc23)n1,O=C1Nc2ccccc2C12CCN(c1ncccn1)CC2,1,1.6296,42.6158,0.2179,0,1,358.83,2.65,0,5,2,58.56
Cc1cccc(C#CC2=CC(=NOc3ccc([N+](=O)[O-])cn3)CCC2)c1,C(#Cc1ccccc1)C1=CC(=NOc2ccccn2)CCC1,1,1.6314,42.7997,0.236,0,1,347.37,4.2,0,5,3,77.62
Cc1cccc(-c2cncc(C3CCCN3C(=O)c3ccncc3)c2)c1,O=C(c1ccncc1)N1CCCC1c1cncc(-c2ccccc2)c1,1,1.6314,42.7997,0.2346,0,1,343.43,4.43,0,3,3,46.09
O=C(NN1C(=O)CSC1c1ccccc1)c1ccc([N+](=O)[O-])cc1,O=C(NN1C(=O)CSC1c1ccccc1)c1ccccc1,1,1.638,43.4477,0.2375,0,1,343.36,2.51,1,5,4,92.55
Cn1cc(C(=O)N2CC3CC3C2C(O)=NO)c(OCc2cccc(Cl)c2)n1,O=C(c1c[nH]nc1OCc1ccccc1)N1CC2CC2C1,1,1.6411,43.7618,0.2,0,1,390.83,2.46,2,5,5,100.18
CCOC(=O)C1CCN(C(=O)COC(=O)c2cncc(Br)c2)CC1,O=C(OCC(=O)N1CCCCC1)c1cccnc1,1,1.6499,44.6549,0.3,0,1,399.24,1.8,0,6,5,85.8
O=C(O)CCCOc1ccccc1-c1cc(N2CCN(c3ccccn3)CC2)nc2cccnc12,c1ccc(-c2cc(N3CCN(c4ccccn4)CC3)nc3cccnc23)cc1,1,1.6585,45.5559,0.2,0,1,469.55,4.26,1,7,8,91.68
CSc1ccccc1C(=O)N1CC2(CCN(C(C)=O)C2)C1,O=C(c1ccccc1)N1CC2(CCNC2)C1,1,1.6598,45.6841,0.2969,0,1,304.42,2.1,0,3,2,40.62
CCOC(=O)CCCC(=O)Nc1ccc2c(c1)OCO2,c1ccc2c(c1)OCO2,1,1.6681,46.5672,0.25,0,1,279.29,2.09,1,5,6,73.86
COC(=O)N1CC2(CCN(C(=O)c3cnccn3)C2)C1,O=C(c1cnccn1)N1CCC2(CNC2)C1,1,1.6681,46.5672,0.371,0,1,276.3,0.39,0,5,1,75.63
O=C1OC2(CC2)CN1C(=O)c1ccc(F)cc1,O=C1OC2(CC2)CN1C(=O)c1ccccc1,1,1.6681,46.5672,0.2353,0,1,235.21,1.95,0,3,1,46.61
O=C(O)C=C(Cl)C=CC(=O)Nc1cccc([N+](=O)[O-])c1,c1ccccc1,1,1.6681,46.5672,0.2025,0,1,296.67,2.3,2,4,5,109.54
NC(Cc1ccccn1)=NOC(=O)c1ccc([N+](=O)[O-])cc1,O=C(ON=CCc1ccccn1)c1ccccc1,1,1.6711,46.8922,0.2099,0,1,300.27,1.66,1,6,5,120.71
CCCNC(=O)c1cc(C(=O)N2CCC3(CC(=O)N(CC4CC4)C3)C2)c(O)cc1O,O=C1CC2(CCN(C(=O)c3ccccc3)C2)CN1CC1CC1,1,1.6792,47.7719,0.2258,0,1,415.49,1.71,3,5,6,110.18
Cc1cc(Cl)ccc1N1CCN(CCNC(=O)NCCCc2cccc(O)c2)CC1,O=C(NCCCc1ccccc1)NCCN1CCN(c2ccccc2)CC1,1,1.6792,47.7719,0.2211,0,1,430.98,3.41,3,4,8,67.84
COc1ccccc1N1CCN(Cc2cc([N+](=O)[O-])c3cccnc3c2O)CC1,c1ccc(N2CCN(Cc3ccc4cccnc4c3)CC2)cc1,1,1.6792,47.7719,0.2105,0,1,394.43,3.18,1,7,5,91.97
CCCCCCCCCc1cc(=O)c2ccccc2n1C,O=c1cc[nH]c2ccccc12,1,1.68,47.8658,0.2209,0,1,285.43,4.83,0,1,8,22.0
c1cc2nncn2nc1N1CCC2(COC2)C1,c1cc2nncn2nc1N1CCC2(COC2)C1,1,1.6816,48.0365,0.2576,0,1,231.26,0.35,0,5,1,55.55
C#CCOC(=O)N1CCC(O)(c2nc(C(N)=O)c3cccnn23)C(F)C1,c1cnn2c(C3CCNCC3)ncc2c1,1,1.6821,48.0977,0.2069,0,1,361.33,-0.17,2,6,3,123.05
CS(=O)(=O)c1ccc(-c2cccc3c2CN(C(=O)OCc2ccccc2)CC3)cc1,O=C(OCc1ccccc1)N1CCc2cccc(-c3ccccc3)c2C1,1,1.6913,49.1201,0.2021,0,1,421.52,4.45,0,4,4,63.68
CCN1CCN(c2ccncc2C#Cc2ccc(N)c(NS(=O)(=O)CC)c2)CC1,C(#Cc1cnccc1N1CCNCC1)c1ccccc1,1,1.6937,49.4001,0.2045,0,1,413.55,1.97,2,6,5,91.56
CNC(=O)N1CCC2(C1)C(=O)Nc1cc(Cl)cc(Br)c12,O=C1Nc2ccccc2C12CCNC2,1,1.6954,49.5923,0.2329,0,1,358.62,2.34,2,2,0,61.44
COc1c2ncccc2c(N2CCN(Cc3ccc(C#CCCO)cc3)CC2)c2ccn(C)c12,c1ccc(CN2CCN(c3c4cccnc4cc4[nH]ccc34)CC2)cc1,1,1.6961,49.6704,0.2079,0,1,454.57,3.79,1,5,5,53.76
O=C(Cc1ccc([N+](=O)[O-])cc1)c1ccccc1,O=C(Cc1ccccc1)c1ccccc1,1,1.698,49.8896,0.2537,0,1,241.25,3.02,0,3,4,60.21
CSc1ccc(F)c(N2CCN(CCNC(=O)CCCCc3ccc(F)cc3)CC2)c1,O=C(CCCCc1ccccc1)NCCN1CCN(c2ccccc2)CC1,1,1.7023,50.3848,0.2184,0,1,447.6,4.34,1,4,10,35.58
CS(=O)(=O)N1CCC(CNC(=O)c2ccc3c(c2)OCO3)CC1,O=C(NCC1CCNCC1)c1ccc2c(c1)OCO2,1,1.7054,50.7474,0.2824,0,1,340.4,0.82,1,5,4,84.94
O=C(CN1CCC2(C1)SCCS2)Nc1cccc(F)c1,O=C(CN1CCC2(C1)SCCS2)Nc1ccccc1,1,1.7054,50.7474,0.2051,0,1,312.44,2.65,1,4,3,32.34
Cc1cc([N+](=O)[O-])cc(C(=O)N2CCOCC2)c1Cl,O=C(c1ccccc1)N1CCOCC1,1,1.7054,50.7474,0.2533,0,1,284.7,2.03,0,4,2,72.68
CCOC(=O)Nc1ccc(N2CCOCC2)cc1[N+](=O)[O-],c1ccc(N2CCOCC2)cc1,1,1.7073,50.964,0.2366,0,1,295.29,2.0,1,6,4,93.94
CCCCc1nc2ccccc2c(CC(=O)O)c1C,c1ccc2ncccc2c1,1,1.7106,51.3548,0.2135,0,1,257.33,3.51,1,2,5,50.19
O=C(Nc1cccc(SC(F)(F)F)c1)N1CCN(Cc2ccccc2)CC1,O=C(Nc1ccccc1)N1CCN(Cc2ccccc2)CC1,1,1.7112,51.4257,0.2,0,1,395.45,4.65,1,3,4,35.58
O=C(O)COCCCc1ccc2cc(Cl)ccc2c1,c1ccc2ccccc2c1,1,1.7148,51.8557,0.2278,0,1,278.74,3.53,1,2,6,46.53
CCS(=O)(=O)N1CCC(C(=O)NCCc2sc(-c3ccc(F)cc3)nc2C)CC1,O=C(NCCc1cnc(-c2ccccc2)s1)C1CCNCC1,1,1.7176,52.1879,0.2209,0,1,439.58,2.98,1,5,7,79.37
CCc1ccc(-c2nc3cc(C(=O)N4CCN(C)CC4)ccc3n2CCC#N)cc1,O=C(c1ccc2[nH]c(-c3ccccc3)nc2c1)N1CCNCC1,1,1.7217,52.6905,0.2421,0,1,401.51,3.57,0,4,5,65.16
CC(=NNC(N)=S)c1ccc2c(c1)OCO2,c1ccc2c(c1)OCO2,1,1.7267,53.2953,0.2375,0,1,237.28,0.97,2,4,2,68.87
COc1cc(-c2nc(-c3ccc(N4CCOCC4)nc3)c[nH]2)cc2c1CN(C(=O)OCC(C)(C)C)C2,c1cc(N2CCOCC2)ncc1-c1c[nH]c(-c2ccc3c(c2)CNC3)n1,1,1.7324,54.0046,0.2268,0,1,491.59,4.48,1,7,5,92.81
N=c1ncc(-c2nnc3cc(Cl)c(OCC#Cc4ccccc4)cn23)c[nH]1,N=c1ncc(-c2nnc3ccc(OCC#Cc4ccccc4)cn23)c[nH]1,1,1.7448,55.5658,0.2308,0,1,376.81,2.68,2,5,3,91.95
O=C(COC(=O)C12CC3CC(CC(O)(C3)C1)C2)N1CCN(c2cccc(Cl)c2)CC1,O=C(COC(=O)C12CC3CC(CC(C3)C1)C2)N1CCN(c2ccccc2)CC1,1,1.7461,55.727,0.2,0,1,432.95,2.86,1,5,4,70.08
CCC(=O)N1CCN(c2ccc(NC(=O)NC(=O)c3ccccc3)cc2)CC1,O=C(NC(=O)c1ccccc1)Nc1ccc(N2CCNCC2)cc1,1,1.747,55.841,0.2051,0,1,380.45,2.71,2,4,4,81.75
CC(=O)c1ccc2c(c1)OCCO2,c1ccc2c(c1)OCCO2,1,1.7498,56.2093,0.2535,0,1,178.19,1.66,0,3,1,35.53
CC(C(=O)Nc1cccc(S(=O)(=O)N2CCCC2)c1)N1CCN(c2ccc(F)cc2)CC1,O=C(CN1CCN(c2ccccc2)CC1)Nc1cccc(S(=O)(=O)N2CCCC2)c1,1,1.7517,56.4576,0.2262,0,1,460.58,2.76,1,5,6,72.96
CC(=O)Nc1ccc(S(=O)(=O)N2CCN(c3ccn(C)c3CN3CCC4(CC4)C3)CC2)cc1,O=S(=O)(c1ccccc1)N1CCN(c2cc[nH]c2CN2CCC3(CC3)C2)CC1,1,1.7517,56.4576,0.2024,0,1,471.63,2.48,1,5,6,77.89
CC1COCCN1c1nc(N2CC3(CN(C(=O)CO)C3)C2)nc2nc[nH]c12,c1nc2nc(N3CC4(CNC4)C3)nc(N3CCOCC3)c2[nH]1,1,1.7517,56.4576,0.217,0,1,373.42,-0.78,2,8,3,110.71
O=C(c1ccc2cc[nH]c2c1)N1CCN(c2nnc(Cc3cccc(F)c3)c3ccccc23)CC1,O=C(c1ccc2cc[nH]c2c1)N1CCN(c2nnc(Cc3ccccc3)c3ccccc23)CC1,1,1.7521,56.5122,0.2021,0,1,465.53,4.8,1,4,4,65.12
CCCCN1CCN(c2cnc3cc(S(=O)(=O)NC(C(=O)O)C(C)C)ccc3c2)CC1,c1ccc2ncc(N3CCNCC3)cc2c1,1,1.7564,57.0669,0.2165,0,1,448.59,2.54,2,6,9,102.84
CC(=O)N(C(=O)OC(C)(C)C)N1CCN(c2ccc(F)cc2)CC1,c1ccc(N2CCNCC2)cc1,1,1.7643,58.1199,0.3692,0,1,337.4,2.65,0,5,2,53.09
O=C(Sc1cccc2cccnc12)N1CCCC1,O=C(Sc1cccc2cccnc12)N1CCCC1,1,1.7878,61.3432,0.2121,0,1,258.35,3.54,0,3,1,33.2
CC(=O)c1ccc(N2CCN(C(=O)c3ccc(S(=O)(=O)N4CCCC4)cc3)CC2)cc1,O=C(c1ccc(S(=O)(=O)N2CCCC2)cc1)N1CCN(c2ccccc2)CC1,1,1.7926,62.0301,0.2025,0,1,441.55,2.64,0,5,5,78.0
Cc1ccc(C(=O)C(CN2CCNCC2)Sc2nnnn2-c2ccc(F)cc2)cc1,O=C(c1ccccc1)C(CN1CCNCC1)Sc1nnnn1-c1ccccc1,1,1.7985,62.8839,0.2045,0,1,426.52,2.36,1,7,7,75.94
CN1CCN(c2ccc3ccccc3c2)CC1,c1ccc2cc(N3CCNCC3)ccc2c1,1,1.8103,64.6048,0.2182,0,1,226.32,2.59,0,2,1,6.48
O=C(Cc1ccccc1)N1CC2CCC1C2,O=C(Cc1ccccc1)N1CC2CCC1C2,1,1.8174,65.6728,0.2533,0,1,215.3,2.24,0,1,2,20.31
CCOC(=O)N1CCN(c2c(NCc3ccc(F)cc3)c(=O)c2=O)CC1,O=c1c(NCc2ccccc2)c(N2CCNCC2)c1=O,1,1.8319,67.9055,0.2468,0,1,361.37,1.31,1,6,5,78.95
O=C(C1=COCCO1)N1CCN(S(=O)(=O)c2ccc3c(c2)OCCO3)CC1,O=C(C1=COCCO1)N1CCN(S(=O)(=O)c2ccc3c(c2)OCCO3)CC1,1,1.8337,68.1934,0.2184,0,1,396.42,0.18,0,7,3,94.61
CCOC(=O)C1CN(C(=O)OC(C)(C)C)CC(O)C1OC(=O)c1ccccc1,O=C(OC1CCNCC1)c1ccccc1,1,1.834,68.2404,0.2907,0,1,393.44,2.0,1,7,4,102.37
CC(C)(C)OC(=O)N1CCC(n2cc3c(n2)-c2cc(F)ccc2S(=O)(=O)C3)CC1,O=S1(=O)Cc2cn(C3CCNCC3)nc2-c2ccccc21,1,1.8365,68.6322,0.321,0,1,421.49,3.55,0,5,1,81.5
COC(=O)c1ccc(-c2cncc(CN3CCN(c4ccc(C(F)(F)F)cn4)C(C)C3)c2)cn1,c1ccc(N2CCN(Cc3cncc(-c4cccnc4)c3)CC2)nc1,1,1.859,72.2738,0.2391,0,1,471.48,4.05,0,7,5,71.45
CCCCCCC#Cc1csc(S(=O)(=O)Nc2cc(C(O)=NO)ccc2S(C)(=O)=O)c1,O=S(=O)(Nc1ccccc1)c1cccs1,1,1.8639,73.0888,0.2577,0,1,484.62,3.97,3,7,9,133.13
O=C(c1ccc(Br)cc1)N1CCC2(CNC2)C1,O=C(c1ccccc1)N1CCC2(CNC2)C1,1,1.8817,76.1637,0.2951,0,1,295.18,1.88,1,2,1,32.34
Cc1cc(=NC(=O)Nc2ccc([N+](=O)[O-])cc2)n(C)[nH]1,O=C(N=c1cc[nH][nH]1)Nc1ccccc1,1,1.8836,76.4887,0.2,0,1,275.27,1.7,2,3,2,105.32
O=C(O)C(=O)CC(=O)c1cnn(-c2ccc(F)cc2)n1,c1ccc(-n2nccn2)cc1,1,1.8836,76.4887,0.2083,0,1,277.21,0.63,1,5,5,102.15
CCOC(=O)c1nn(-c2ccccc2)cc1[N+](=O)[O-],c1ccc(-n2cccn2)cc1,1,1.8836,76.4887,0.2338,0,1,261.24,1.96,0,5,4,87.26
O=C(NN=Cc1cccs1)c1cccc([N+](=O)[O-])c1,O=C(NN=Cc1cccs1)c1ccccc1,1,1.8836,76.4887,0.2278,0,1,275.29,2.42,1,5,4,84.6
O=C1C(=Nc2cccc([N+](=O)[O-])c2)CC(=O)c2ncncc21,O=C1C(=Nc2ccccc2)CC(=O)c2ncncc21,1,1.8836,76.4887,0.2024,0,1,296.24,1.93,0,7,2,115.42
CN(NC(=O)c1csnn1)S(=O)(=O)c1cccc([N+](=O)[O-])c1,O=C(NNS(=O)(=O)c1ccccc1)c1csnn1,1,1.8836,76.4887,0.2,0,1,343.35,0.41,1,8,5,135.4
Cc1[nH]c2ccccc2c1CCNC(=O)c1cccc(Br)n1,O=C(NCCc1c[nH]c2ccccc12)c1ccccn1,1,1.8864,76.9843,0.2329,0,1,358.24,3.61,2,2,4,57.78
O=C(CSc1ccsc1[N+](=O)[O-])N1CCN(c2ccc(F)cc2)CC1,O=C(CSc1ccsc1)N1CCN(c2ccccc2)CC1,1,1.9015,79.7167,0.2099,0,1,381.45,3.24,0,6,5,66.69
COC1CN(c2cc(=O)n(-c3cccnc3)[nH]2)C1,O=c1cc(N2CCC2)[nH]n1-c1cccnc1,1,1.9067,80.6708,0.2381,0,1,246.27,0.4,1,4,3,63.15
CCCCSc1nc(=O)c2ccccc2[nH]1,O=c1nc[nH]c2ccccc12,1,1.9115,81.5648,0.2184,0,1,234.32,2.82,1,3,4,45.75
c1ccc(C23CNCC2C3)cc1,c1ccc(C23CNCC2C3)cc1,1,1.9115,81.5648,0.2,0,1,159.23,1.55,1,1,1,12.03
C#Cc1cncc(N2CC(N(C)C)C2)c1,c1cncc(N2CCC2)c1,1,1.9339,85.8884,0.2982,0,1,201.27,0.81,0,3,2,19.37
CSc1cccc(NC(=S)N2CCN(C(=O)OC(C)(C)C)CC2)c1,S=C(Nc1ccccc1)N1CCNCC1,1,1.9586,90.9097,0.3284,0,1,367.54,3.66,1,4,2,44.81
CCOC(=O)c1cnc(N2CCN(C(=O)Nc3ccc(Br)cc3)CC2)c(Cl)c1,O=C(Nc1ccccc1)N1CCN(c2ccccn2)CC1,1,1.9978,99.4933,0.225,0,1,467.75,4.03,1,5,4,74.77
CCOC(=O)N1CCN(c2nc(=NC)[nH]c3ccc(Cl)cc23)CC1,N=c1nc(N2CCNCC2)c2ccccc2[nH]1,1,2.0585,114.4198,0.2368,0,1,349.82,2.03,1,5,2,73.82
Brc1cncc(-c2cncnc2N2CCNCC2)c1,c1cncc(-c2cncnc2N2CCNCC2)c1,1,2.1972,157.4878,0.2424,0,1,320.19,1.71,1,5,2,53.94
