SMILES,SMILES_state,Masked_input_peptide,Fillers,NLL
C(#Cc1cncc(N2CCC3(CNC3)C2)c1)c1ccccc1,1,C(#Cc1cncc(N2CCC3(CNC3)C2)c1)c1ccccc1,,18.63
CC(C)(C)OC(=O)N1CC2(CCN(c3cccc(Br)n3)C2)C1,1,CC(C)(C)OC(=O)N1CC2(CCN(c3cccc(Br)n3)C2)C1,,8.55
CC(C)(C)OC(=O)N1CC2(CCN(c3cncc(-c4ccc(F)cc4)c3)C2)C1,1,CC(C)(C)OC(=O)N1CC2(CCN(c3cncc(-c4ccc(F)cc4)c3)C2)C1,,12.95
CC(C)(C)OC(=O)N1CC2(CCN(c3cncc(Br)c3)C2)C1,1,CC(C)(C)OC(=O)N1CC2(CCN(c3cncc(Br)c3)C2)C1,,10.7
CC(C)(C)OC(=O)N1CC2(CCN(c3cncc(C#Cc4ccccc4)c3)C2)C1,1,CC(C)(C)OC(=O)N1CC2(CCN(c3cncc(C#Cc4ccccc4)c3)C2)C1,,10.62
CC(C)(C)OC(=O)N1CC2(CCN(c3cncc(N4CC(OCCCc5ccccc5)C4)c3)C2)C1,1,CC(C)(C)OC(=O)N1CC2(CCN(c3cncc(N4CC(OCCCc5ccccc5)C4)c3)C2)C1,,9.51
CCCCCCC#Cc1cncc(N2CCC3(CN(C(=O)c4ccc5c(c4)OCO5)C3)C2)c1,1,CCCCCCC#Cc1cncc(N2CCC3(CN(C(=O)c4ccc5c(c4)OCO5)C3)C2)c1,,10.14
CCCCCCOC1CN(c2cncc(N3CCC4(CN(C(=O)OC(C)(C)C)C4)C3)c2)C1,1,CCCCCCOC1CN(c2cncc(N3CCC4(CN(C(=O)OC(C)(C)C)C4)C3)c2)C1,,10.56
C(#Cc1cncc(N2CCC3(CNC3)C2)c1)c1ccccc1,2,C(#Cc1cncc(N2CCC3(CNC3)C2)c1)c1ccccc1,,4.96
CC(C)(C)OC(=O)N1CC2(CCN(c3cccc(Br)n3)C2)C1,2,CC(C)(C)OC(=O)N1CC2(CCN(c3cccc(Br)n3)C2)C1,,9.0
CC(C)(C)OC(=O)N1CC2(CCN(c3cncc(-c4ccc(F)cc4)c3)C2)C1,2,CC(C)(C)OC(=O)N1CC2(CCN(c3cncc(-c4ccc(F)cc4)c3)C2)C1,,10.55
CC(C)(C)OC(=O)N1CC2(CCN(c3cncc(Br)c3)C2)C1,2,CC(C)(C)OC(=O)N1CC2(CCN(c3cncc(Br)c3)C2)C1,,9.23
CC(C)(C)OC(=O)N1CC2(CCN(c3cncc(C#Cc4ccccc4)c3)C2)C1,2,CC(C)(C)OC(=O)N1CC2(CCN(c3cncc(C#Cc4ccccc4)c3)C2)C1,,10.73
CC(C)(C)OC(=O)N1CC2(CCN(c3cncc(N4CC(OCCCc5ccccc5)C4)c3)C2)C1,2,CC(C)(C)OC(=O)N1CC2(CCN(c3cncc(N4CC(OCCCc5ccccc5)C4)c3)C2)C1,,10.5
CCCCCCC#Cc1cncc(N2CCC3(CN(C(=O)c4ccc5c(c4)OCO5)C3)C2)c1,2,CCCCCCC#Cc1cncc(N2CCC3(CN(C(=O)c4ccc5c(c4)OCO5)C3)C2)c1,,13.12
CCCCCCOC1CN(c2cncc(N3CCC4(CN(C(=O)OC(C)(C)C)C4)C3)c2)C1,2,CCCCCCOC1CN(c2cncc(N3CCC4(CN(C(=O)OC(C)(C)C)C4)C3)c2)C1,,11.55
C(#Cc1cncc(N2CCC3(CNC3)C2)c1)c1ccccc1,2,C(#Cc1cncc(N2CCC3(CNC3)C2)c1)c1ccccc1,,12.16
CC(C)(C)OC(=O)N1CC2(CCN(c3cccc(Br)n3)C2)C1,2,CC(C)(C)OC(=O)N1CC2(CCN(c3cccc(Br)n3)C2)C1,,6.87
CC(C)(C)OC(=O)N1CC2(CCN(c3cncc(-c4ccc(F)cc4)c3)C2)C1,2,CC(C)(C)OC(=O)N1CC2(CCN(c3cncc(-c4ccc(F)cc4)c3)C2)C1,,24.01
CC(C)(C)OC(=O)N1CC2(CCN(c3cncc(Br)c3)C2)C1,2,CC(C)(C)OC(=O)N1CC2(CCN(c3cncc(Br)c3)C2)C1,,9.77
CC(C)(C)OC(=O)N1CC2(CCN(c3cncc(C#Cc4ccccc4)c3)C2)C1,2,CC(C)(C)OC(=O)N1CC2(CCN(c3cncc(C#Cc4ccccc4)c3)C2)C1,,9.55
CC(C)(C)OC(=O)N1CC2(CCN(c3cncc(N4CC(OCCCc5ccccc5)C4)c3)C2)C1,2,CC(C)(C)OC(=O)N1CC2(CCN(c3cncc(N4CC(OCCCc5ccccc5)C4)c3)C2)C1,,13.34
CCCCCCC#Cc1cncc(N2CCC3(CN(C(=O)c4ccc5c(c4)OCO5)C3)C2)c1,2,CCCCCCC#Cc1cncc(N2CCC3(CN(C(=O)c4ccc5c(c4)OCO5)C3)C2)c1,,11.44
CCCCCCOC1CN(c2cncc(N3CCC4(CN(C(=O)OC(C)(C)C)C4)C3)c2)C1,2,CCCCCCOC1CN(c2cncc(N3CCC4(CN(C(=O)OC(C)(C)C)C4)C3)c2)C1,,9.56
C(#Cc1cncc(N2CCC3(CNC3)C2)c1)c1ccccc1,2,C(#Cc1cncc(N2CCC3(CNC3)C2)c1)c1ccccc1,,10.15
CC(C)(C)OC(=O)N1CC2(CCN(c3cccc(Br)n3)C2)C1,2,CC(C)(C)OC(=O)N1CC2(CCN(c3cccc(Br)n3)C2)C1,,9.95
CC(C)(C)OC(=O)N1CC2(CCN(c3cncc(-c4ccc(F)cc4)c3)C2)C1,2,CC(C)(C)OC(=O)N1CC2(CCN(c3cncc(-c4ccc(F)cc4)c3)C2)C1,,9.61
CC(C)(C)OC(=O)N1CC2(CCN(c3cncc(Br)c3)C2)C1,2,CC(C)(C)OC(=O)N1CC2(CCN(c3cncc(Br)c3)C2)C1,,17.87
CC(C)(C)OC(=O)N1CC2(CCN(c3cncc(C#Cc4ccccc4)c3)C2)C1,2,CC(C)(C)OC(=O)N1CC2(CCN(c3cncc(C#Cc4ccccc4)c3)C2)C1,,13.88
CC(C)(C)OC(=O)N1CC2(CCN(c3cncc(N4CC(OCCCc5ccccc5)C4)c3)C2)C1,2,CC(C)(C)OC(=O)N1CC2(CCN(c3cncc(N4CC(OCCCc5ccccc5)C4)c3)C2)C1,,9.75
CCCCCCC#Cc1cncc(N2CCC3(CN(C(=O)c4ccc5c(c4)OCO5)C3)C2)c1,2,CCCCCCC#Cc1cncc(N2CCC3(CN(C(=O)c4ccc5c(c4)OCO5)C3)C2)c1,,15.25
CCCCCCOC1CN(c2cncc(N3CCC4(CN(C(=O)OC(C)(C)C)C4)C3)c2)C1,2,CCCCCCOC1CN(c2cncc(N3CCC4(CN(C(=O)OC(C)(C)C)C4)C3)c2)C1,,13.39
C(#Cc1cncc(N2CCC3(CNC3)C2)c1)c1ccccc1,2,C(#Cc1cncc(N2CCC3(CNC3)C2)c1)c1ccccc1,,13.22
CC(C)(C)OC(=O)N1CC2(CCN(c3cccc(Br)n3)C2)C1,2,CC(C)(C)OC(=O)N1CC2(CCN(c3cccc(Br)n3)C2)C1,,9.21
CC(C)(C)OC(=O)N1CC2(CCN(c3cncc(-c4ccc(F)cc4)c3)C2)C1,2,CC(C)(C)OC(=O)N1CC2(CCN(c3cncc(-c4ccc(F)cc4)c3)C2)C1,,9.37
CC(C)(C)OC(=O)N1CC2(CCN(c3cncc(Br)c3)C2)C1,2,CC(C)(C)OC(=O)N1CC2(CCN(c3cncc(Br)c3)C2)C1,,9.07
CC(C)(C)OC(=O)N1CC2(CCN(c3cncc(C#Cc4ccccc4)c3)C2)C1,2,CC(C)(C)OC(=O)N1CC2(CCN(c3cncc(C#Cc4ccccc4)c3)C2)C1,,8.32
CC(C)(C)OC(=O)N1CC2(CCN(c3cncc(N4CC(OCCCc5ccccc5)C4)c3)C2)C1,2,CC(C)(C)OC(=O)N1CC2(CCN(c3cncc(N4CC(OCCCc5ccccc5)C4)c3)C2)C1,,10.29
CCCCCCC#Cc1cncc(N2CCC3(CN(C(=O)c4ccc5c(c4)OCO5)C3)C2)c1,2,CCCCCCC#Cc1cncc(N2CCC3(CN(C(=O)c4ccc5c(c4)OCO5)C3)C2)c1,,10.56
CCCCCCOC1CN(c2cncc(N3CCC4(CN(C(=O)OC(C)(C)C)C4)C3)c2)C1,2,CCCCCCOC1CN(c2cncc(N3CCC4(CN(C(=O)OC(C)(C)C)C4)C3)c2)C1,,9.33
C(#Cc1cncc(N2CCC3(CNC3)C2)c1)c1ccccc1,2,C(#Cc1cncc(N2CCC3(CNC3)C2)c1)c1ccccc1,,24.67
CC(C)(C)OC(=O)N1CC2(CCN(c3cccc(Br)n3)C2)C1,2,CC(C)(C)OC(=O)N1CC2(CCN(c3cccc(Br)n3)C2)C1,,10.4
CC(C)(C)OC(=O)N1CC2(CCN(c3cncc(-c4ccc(F)cc4)c3)C2)C1,2,CC(C)(C)OC(=O)N1CC2(CCN(c3cncc(-c4ccc(F)cc4)c3)C2)C1,,10.24
CC(C)(C)OC(=O)N1CC2(CCN(c3cncc(Br)c3)C2)C1,2,CC(C)(C)OC(=O)N1CC2(CCN(c3cncc(Br)c3)C2)C1,,9.64
CC(C)(C)OC(=O)N1CC2(CCN(c3cncc(C#Cc4ccccc4)c3)C2)C1,2,CC(C)(C)OC(=O)N1CC2(CCN(c3cncc(C#Cc4ccccc4)c3)C2)C1,,9.55
CC(C)(C)OC(=O)N1CC2(CCN(c3cncc(N4CC(OCCCc5ccccc5)C4)c3)C2)C1,2,CC(C)(C)OC(=O)N1CC2(CCN(c3cncc(N4CC(OCCCc5ccccc5)C4)c3)C2)C1,,9.84
CCCCCCC#Cc1cncc(N2CCC3(CN(C(=O)c4ccc5c(c4)OCO5)C3)C2)c1,2,CCCCCCC#Cc1cncc(N2CCC3(CN(C(=O)c4ccc5c(c4)OCO5)C3)C2)c1,,9.68
CCCCCCOC1CN(c2cncc(N3CCC4(CN(C(=O)OC(C)(C)C)C4)C3)c2)C1,2,CCCCCCOC1CN(c2cncc(N3CCC4(CN(C(=O)OC(C)(C)C)C4)C3)c2)C1,,10.41
C(#Cc1cncc(N2CCC3(CNC3)C2)c1)c1ccccc1,2,C(#Cc1cncc(N2CCC3(CNC3)C2)c1)c1ccccc1,,21.86
CC(C)(C)OC(=O)N1CC2(CCN(c3cccc(Br)n3)C2)C1,2,CC(C)(C)OC(=O)N1CC2(CCN(c3cccc(Br)n3)C2)C1,,9.85
CC(C)(C)OC(=O)N1CC2(CCN(c3cncc(-c4ccc(F)cc4)c3)C2)C1,2,CC(C)(C)OC(=O)N1CC2(CCN(c3cncc(-c4ccc(F)cc4)c3)C2)C1,,8.3
CC(C)(C)OC(=O)N1CC2(CCN(c3cncc(Br)c3)C2)C1,2,CC(C)(C)OC(=O)N1CC2(CCN(c3cncc(Br)c3)C2)C1,,4.49
CC(C)(C)OC(=O)N1CC2(CCN(c3cncc(C#Cc4ccccc4)c3)C2)C1,2,CC(C)(C)OC(=O)N1CC2(CCN(c3cncc(C#Cc4ccccc4)c3)C2)C1,,9.95
CC(C)(C)OC(=O)N1CC2(CCN(c3cncc(N4CC(OCCCc5ccccc5)C4)c3)C2)C1,2,CC(C)(C)OC(=O)N1CC2(CCN(c3cncc(N4CC(OCCCc5ccccc5)C4)c3)C2)C1,,9.42
CCCCCCC#Cc1cncc(N2CCC3(CN(C(=O)c4ccc5c(c4)OCO5)C3)C2)c1,2,CCCCCCC#Cc1cncc(N2CCC3(CN(C(=O)c4ccc5c(c4)OCO5)C3)C2)c1,,9.61
CCCCCCOC1CN(c2cncc(N3CCC4(CN(C(=O)OC(C)(C)C)C4)C3)c2)C1,2,CCCCCCOC1CN(c2cncc(N3CCC4(CN(C(=O)OC(C)(C)C)C4)C3)c2)C1,,10.24
C(#Cc1cncc(N2CCC3(CNC3)C2)c1)c1ccccc1,2,C(#Cc1cncc(N2CCC3(CNC3)C2)c1)c1ccccc1,,20.11
CC(C)(C)OC(=O)N1CC2(CCN(c3cccc(Br)n3)C2)C1,2,CC(C)(C)OC(=O)N1CC2(CCN(c3cccc(Br)n3)C2)C1,,5.61
CC(C)(C)OC(=O)N1CC2(CCN(c3cncc(-c4ccc(F)cc4)c3)C2)C1,2,CC(C)(C)OC(=O)N1CC2(CCN(c3cncc(-c4ccc(F)cc4)c3)C2)C1,,11.51
CC(C)(C)OC(=O)N1CC2(CCN(c3cncc(Br)c3)C2)C1,2,CC(C)(C)OC(=O)N1CC2(CCN(c3cncc(Br)c3)C2)C1,,8.68
CC(C)(C)OC(=O)N1CC2(CCN(c3cncc(C#Cc4ccccc4)c3)C2)C1,2,CC(C)(C)OC(=O)N1CC2(CCN(c3cncc(C#Cc4ccccc4)c3)C2)C1,,9.98
CC(C)(C)OC(=O)N1CC2(CCN(c3cncc(N4CC(OCCCc5ccccc5)C4)c3)C2)C1,2,CC(C)(C)OC(=O)N1CC2(CCN(c3cncc(N4CC(OCCCc5ccccc5)C4)c3)C2)C1,,9.92
CCCCCCC#Cc1cncc(N2CCC3(CN(C(=O)c4ccc5c(c4)OCO5)C3)C2)c1,2,CCCCCCC#Cc1cncc(N2CCC3(CN(C(=O)c4ccc5c(c4)OCO5)C3)C2)c1,,9.88
CCCCCCOC1CN(c2cncc(N3CCC4(CN(C(=O)OC(C)(C)C)C4)C3)c2)C1,2,CCCCCCOC1CN(c2cncc(N3CCC4(CN(C(=O)OC(C)(C)C)C4)C3)c2)C1,,8.83
C(#Cc1cncc(N2CCC3(CNC3)C2)c1)c1ccccc1,2,C(#Cc1cncc(N2CCC3(CNC3)C2)c1)c1ccccc1,,19.31
CC(C)(C)OC(=O)N1CC2(CCN(c3cccc(Br)n3)C2)C1,2,CC(C)(C)OC(=O)N1CC2(CCN(c3cccc(Br)n3)C2)C1,,9.48
CC(C)(C)OC(=O)N1CC2(CCN(c3cncc(-c4ccc(F)cc4)c3)C2)C1,2,CC(C)(C)OC(=O)N1CC2(CCN(c3cncc(-c4ccc(F)cc4)c3)C2)C1,,10.04
CC(C)(C)OC(=O)N1CC2(CCN(c3cncc(Br)c3)C2)C1,2,CC(C)(C)OC(=O)N1CC2(CCN(c3cncc(Br)c3)C2)C1,,10.39
CC(C)(C)OC(=O)N1CC2(CCN(c3cncc(C#Cc4ccccc4)c3)C2)C1,2,CC(C)(C)OC(=O)N1CC2(CCN(c3cncc(C#Cc4ccccc4)c3)C2)C1,,11.5
CC(C)(C)OC(=O)N1CC2(CCN(c3cncc(N4CC(OCCCc5ccccc5)C4)c3)C2)C1,2,CC(C)(C)OC(=O)N1CC2(CCN(c3cncc(N4CC(OCCCc5ccccc5)C4)c3)C2)C1,,22.98
CCCCCCC#Cc1cncc(N2CCC3(CN(C(=O)c4ccc5c(c4)OCO5)C3)C2)c1,2,CCCCCCC#Cc1cncc(N2CCC3(CN(C(=O)c4ccc5c(c4)OCO5)C3)C2)c1,,10.35
CCCCCCOC1CN(c2cncc(N3CCC4(CN(C(=O)OC(C)(C)C)C4)C3)c2)C1,2,CCCCCCOC1CN(c2cncc(N3CCC4(CN(C(=O)OC(C)(C)C)C4)C3)c2)C1,,11.83
C(#Cc1cncc(N2CCC3(CNC3)C2)c1)c1ccccc1,2,C(#Cc1cncc(N2CCC3(CNC3)C2)c1)c1ccccc1,,10.27
CC(C)(C)OC(=O)N1CC2(CCN(c3cccc(Br)n3)C2)C1,2,CC(C)(C)OC(=O)N1CC2(CCN(c3cccc(Br)n3)C2)C1,,11.58
CC(C)(C)OC(=O)N1CC2(CCN(c3cncc(-c4ccc(F)cc4)c3)C2)C1,2,CC(C)(C)OC(=O)N1CC2(CCN(c3cncc(-c4ccc(F)cc4)c3)C2)C1,,19.09
CC(C)(C)OC(=O)N1CC2(CCN(c3cncc(Br)c3)C2)C1,2,CC(C)(C)OC(=O)N1CC2(CCN(c3cncc(Br)c3)C2)C1,,10.07
CC(C)(C)OC(=O)N1CC2(CCN(c3cncc(C#Cc4ccccc4)c3)C2)C1,2,CC(C)(C)OC(=O)N1CC2(CCN(c3cncc(C#Cc4ccccc4)c3)C2)C1,,12.71
CC(C)(C)OC(=O)N1CC2(CCN(c3cncc(N4CC(OCCCc5ccccc5)C4)c3)C2)C1,2,CC(C)(C)OC(=O)N1CC2(CCN(c3cncc(N4CC(OCCCc5ccccc5)C4)c3)C2)C1,,10.26
CCCCCCC#Cc1cncc(N2CCC3(CN(C(=O)c4ccc5c(c4)OCO5)C3)C2)c1,2,CCCCCCC#Cc1cncc(N2CCC3(CN(C(=O)c4ccc5c(c4)OCO5)C3)C2)c1,,9.58
CCCCCCOC1CN(c2cncc(N3CCC4(CN(C(=O)OC(C)(C)C)C4)C3)c2)C1,2,CCCCCCOC1CN(c2cncc(N3CCC4(CN(C(=O)OC(C)(C)C)C4)C3)c2)C1,,9.51
C(#Cc1cncc(N2CCC3(CNC3)C2)c1)c1ccccc1,2,C(#Cc1cncc(N2CCC3(CNC3)C2)c1)c1ccccc1,,12.65
CC(C)(C)OC(=O)N1CC2(CCN(c3cccc(Br)n3)C2)C1,2,CC(C)(C)OC(=O)N1CC2(CCN(c3cccc(Br)n3)C2)C1,,9.75
CC(C)(C)OC(=O)N1CC2(CCN(c3cncc(-c4ccc(F)cc4)c3)C2)C1,2,CC(C)(C)OC(=O)N1CC2(CCN(c3cncc(-c4ccc(F)cc4)c3)C2)C1,,13.88
CC(C)(C)OC(=O)N1CC2(CCN(c3cncc(Br)c3)C2)C1,2,CC(C)(C)OC(=O)N1CC2(CCN(c3cncc(Br)c3)C2)C1,,17.24
CC(C)(C)OC(=O)N1CC2(CCN(c3cncc(C#Cc4ccccc4)c3)C2)C1,2,CC(C)(C)OC(=O)N1CC2(CCN(c3cncc(C#Cc4ccccc4)c3)C2)C1,,12.57
CC(C)(C)OC(=O)N1CC2(CCN(c3cncc(N4CC(OCCCc5ccccc5)C4)c3)C2)C1,2,CC(C)(C)OC(=O)N1CC2(CCN(c3cncc(N4CC(OCCCc5ccccc5)C4)c3)C2)C1,,10.52
CCCCCCC#Cc1cncc(N2CCC3(CN(C(=O)c4ccc5c(c4)OCO5)C3)C2)c1,2,CCCCCCC#Cc1cncc(N2CCC3(CN(C(=O)c4ccc5c(c4)OCO5)C3)C2)c1,,10.59
CCCCCCOC1CN(c2cncc(N3CCC4(CN(C(=O)OC(C)(C)C)C4)C3)c2)C1,2,CCCCCCOC1CN(c2cncc(N3CCC4(CN(C(=O)OC(C)(C)C)C4)C3)c2)C1,,9.8
C(#Cc1cncc(N2CCC3(CNC3)C2)c1)c1ccccc1,2,C(#Cc1cncc(N2CCC3(CNC3)C2)c1)c1ccccc1,,9.72
CC(C)(C)OC(=O)N1CC2(CCN(c3cccc(Br)n3)C2)C1,2,CC(C)(C)OC(=O)N1CC2(CCN(c3cccc(Br)n3)C2)C1,,9.9
CC(C)(C)OC(=O)N1CC2(CCN(c3cncc(-c4ccc(F)cc4)c3)C2)C1,2,CC(C)(C)OC(=O)N1CC2(CCN(c3cncc(-c4ccc(F)cc4)c3)C2)C1,,9.65
CC(C)(C)OC(=O)N1CC2(CCN(c3cncc(Br)c3)C2)C1,2,CC(C)(C)OC(=O)N1CC2(CCN(c3cncc(Br)c3)C2)C1,,8.89
CC(C)(C)OC(=O)N1CC2(CCN(c3cncc(C#Cc4ccccc4)c3)C2)C1,2,CC(C)(C)OC(=O)N1CC2(CCN(c3cncc(C#Cc4ccccc4)c3)C2)C1,,10.3
CC(C)(C)OC(=O)N1CC2(CCN(c3cncc(N4CC(OCCCc5ccccc5)C4)c3)C2)C1,2,CC(C)(C)OC(=O)N1CC2(CCN(c3cncc(N4CC(OCCCc5ccccc5)C4)c3)C2)C1,,9.18
CCCCCCC#Cc1cncc(N2CCC3(CN(C(=O)c4ccc5c(c4)OCO5)C3)C2)c1,2,CCCCCCC#Cc1cncc(N2CCC3(CN(C(=O)c4ccc5c(c4)OCO5)C3)C2)c1,,17.76
CCCCCCOC1CN(c2cncc(N3CCC4(CN(C(=O)OC(C)(C)C)C4)C3)c2)C1,2,CCCCCCOC1CN(c2cncc(N3CCC4(CN(C(=O)OC(C)(C)C)C4)C3)c2)C1,,10.2
C(#Cc1cncc(N2CCC3(CNC3)C2)c1)c1ccccc1,2,C(#Cc1cncc(N2CCC3(CNC3)C2)c1)c1ccccc1,,25.25
CC(C)(C)OC(=O)N1CC2(CCN(c3cccc(Br)n3)C2)C1,2,CC(C)(C)OC(=O)N1CC2(CCN(c3cccc(Br)n3)C2)C1,,9.95
CC(C)(C)OC(=O)N1CC2(CCN(c3cncc(-c4ccc(F)cc4)c3)C2)C1,2,CC(C)(C)OC(=O)N1CC2(CCN(c3cncc(-c4ccc(F)cc4)c3)C2)C1,,10.03
CC(C)(C)OC(=O)N1CC2(CCN(c3cncc(Br)c3)C2)C1,2,CC(C)(C)OC(=O)N1CC2(CCN(c3cncc(Br)c3)C2)C1,,9.18
CC(C)(C)OC(=O)N1CC2(CCN(c3cncc(C#Cc4ccccc4)c3)C2)C1,2,CC(C)(C)OC(=O)N1CC2(CCN(c3cncc(C#Cc4ccccc4)c3)C2)C1,,9.79
CC(C)(C)OC(=O)N1CC2(CCN(c3cncc(N4CC(OCCCc5ccccc5)C4)c3)C2)C1,2,CC(C)(C)OC(=O)N1CC2(CCN(c3cncc(N4CC(OCCCc5ccccc5)C4)c3)C2)C1,,14.77
CCCCCCC#Cc1cncc(N2CCC3(CN(C(=O)c4ccc5c(c4)OCO5)C3)C2)c1,2,CCCCCCC#Cc1cncc(N2CCC3(CN(C(=O)c4ccc5c(c4)OCO5)C3)C2)c1,,8.97
CCCCCCOC1CN(c2cncc(N3CCC4(CN(C(=O)OC(C)(C)C)C4)C3)c2)C1,2,CCCCCCOC1CN(c2cncc(N3CCC4(CN(C(=O)OC(C)(C)C)C4)C3)c2)C1,,9.54
C(#Cc1cncc(N2CCC3(CNC3)C2)c1)c1ccccc1,2,C(#Cc1cncc(N2CCC3(CNC3)C2)c1)c1ccccc1,,13.52
CC(C)(C)OC(=O)N1CC2(CCN(c3cccc(Br)n3)C2)C1,2,CC(C)(C)OC(=O)N1CC2(CCN(c3cccc(Br)n3)C2)C1,,10.34
CC(C)(C)OC(=O)N1CC2(CCN(c3cncc(-c4ccc(F)cc4)c3)C2)C1,2,CC(C)(C)OC(=O)N1CC2(CCN(c3cncc(-c4ccc(F)cc4)c3)C2)C1,,9.9
CC(C)(C)OC(=O)N1CC2(CCN(c3cncc(Br)c3)C2)C1,2,CC(C)(C)OC(=O)N1CC2(CCN(c3cncc(Br)c3)C2)C1,,9.41
CC(C)(C)OC(=O)N1CC2(CCN(c3cncc(C#Cc4ccccc4)c3)C2)C1,2,CC(C)(C)OC(=O)N1CC2(CCN(c3cncc(C#Cc4ccccc4)c3)C2)C1,,12.45
CC(C)(C)OC(=O)N1CC2(CCN(c3cncc(N4CC(OCCCc5ccccc5)C4)c3)C2)C1,2,CC(C)(C)OC(=O)N1CC2(CCN(c3cncc(N4CC(OCCCc5ccccc5)C4)c3)C2)C1,,9.93
CCCCCCC#Cc1cncc(N2CCC3(CN(C(=O)c4ccc5c(c4)OCO5)C3)C2)c1,2,CCCCCCC#Cc1cncc(N2CCC3(CN(C(=O)c4ccc5c(c4)OCO5)C3)C2)c1,,9.33
CCCCCCOC1CN(c2cncc(N3CCC4(CN(C(=O)OC(C)(C)C)C4)C3)c2)C1,2,CCCCCCOC1CN(c2cncc(N3CCC4(CN(C(=O)OC(C)(C)C)C4)C3)c2)C1,,9.13
C(#Cc1cncc(N2CCC3(CNC3)C2)c1)c1ccccc1,2,C(#Cc1cncc(N2CCC3(CNC3)C2)c1)c1ccccc1,,19.0
CC(C)(C)OC(=O)N1CC2(CCN(c3cccc(Br)n3)C2)C1,2,CC(C)(C)OC(=O)N1CC2(CCN(c3cccc(Br)n3)C2)C1,,10.59
CC(C)(C)OC(=O)N1CC2(CCN(c3cncc(-c4ccc(F)cc4)c3)C2)C1,2,CC(C)(C)OC(=O)N1CC2(CCN(c3cncc(-c4ccc(F)cc4)c3)C2)C1,,20.42
CC(C)(C)OC(=O)N1CC2(CCN(c3cncc(Br)c3)C2)C1,2,CC(C)(C)OC(=O)N1CC2(CCN(c3cncc(Br)c3)C2)C1,,10.1
CC(C)(C)OC(=O)N1CC2(CCN(c3cncc(C#Cc4ccccc4)c3)C2)C1,2,CC(C)(C)OC(=O)N1CC2(CCN(c3cncc(C#Cc4ccccc4)c3)C2)C1,,9.24
CC(C)(C)OC(=O)N1CC2(CCN(c3cncc(N4CC(OCCCc5ccccc5)C4)c3)C2)C1,2,CC(C)(C)OC(=O)N1CC2(CCN(c3cncc(N4CC(OCCCc5ccccc5)C4)c3)C2)C1,,22.34
CCCCCCC#Cc1cncc(N2CCC3(CN(C(=O)c4ccc5c(c4)OCO5)C3)C2)c1,2,CCCCCCC#Cc1cncc(N2CCC3(CN(C(=O)c4ccc5c(c4)OCO5)C3)C2)c1,,12.43
CCCCCCOC1CN(c2cncc(N3CCC4(CN(C(=O)OC(C)(C)C)C4)C3)c2)C1,2,CCCCCCOC1CN(c2cncc(N3CCC4(CN(C(=O)OC(C)(C)C)C4)C3)c2)C1,,9.57
C(#Cc1cncc(N2CCC3(CNC3)C2)c1)c1ccccc1,2,C(#Cc1cncc(N2CCC3(CNC3)C2)c1)c1ccccc1,,13.32
CC(C)(C)OC(=O)N1CC2(CCN(c3cccc(Br)n3)C2)C1,2,CC(C)(C)OC(=O)N1CC2(CCN(c3cccc(Br)n3)C2)C1,,10.01
CC(C)(C)OC(=O)N1CC2(CCN(c3cncc(-c4ccc(F)cc4)c3)C2)C1,2,CC(C)(C)OC(=O)N1CC2(CCN(c3cncc(-c4ccc(F)cc4)c3)C2)C1,,12.1
CC(C)(C)OC(=O)N1CC2(CCN(c3cncc(Br)c3)C2)C1,2,CC(C)(C)OC(=O)N1CC2(CCN(c3cncc(Br)c3)C2)C1,,9.96
CC(C)(C)OC(=O)N1CC2(CCN(c3cncc(C#Cc4ccccc4)c3)C2)C1,2,CC(C)(C)OC(=O)N1CC2(CCN(c3cncc(C#Cc4ccccc4)c3)C2)C1,,10.61
CC(C)(C)OC(=O)N1CC2(CCN(c3cncc(N4CC(OCCCc5ccccc5)C4)c3)C2)C1,2,CC(C)(C)OC(=O)N1CC2(CCN(c3cncc(N4CC(OCCCc5ccccc5)C4)c3)C2)C1,,19.62
CCCCCCC#Cc1cncc(N2CCC3(CN(C(=O)c4ccc5c(c4)OCO5)C3)C2)c1,2,CCCCCCC#Cc1cncc(N2CCC3(CN(C(=O)c4ccc5c(c4)OCO5)C3)C2)c1,,13.46
CCCCCCOC1CN(c2cncc(N3CCC4(CN(C(=O)OC(C)(C)C)C4)C3)c2)C1,2,CCCCCCOC1CN(c2cncc(N3CCC4(CN(C(=O)OC(C)(C)C)C4)C3)c2)C1,,10.28
C(#Cc1cncc(N2CCC3(CNC3)C2)c1)c1ccccc1,2,C(#Cc1cncc(N2CCC3(CNC3)C2)c1)c1ccccc1,,19.78
CC(C)(C)OC(=O)N1CC2(CCN(c3cccc(Br)n3)C2)C1,2,CC(C)(C)OC(=O)N1CC2(CCN(c3cccc(Br)n3)C2)C1,,9.65
CC(C)(C)OC(=O)N1CC2(CCN(c3cncc(-c4ccc(F)cc4)c3)C2)C1,2,CC(C)(C)OC(=O)N1CC2(CCN(c3cncc(-c4ccc(F)cc4)c3)C2)C1,,14.6
CC(C)(C)OC(=O)N1CC2(CCN(c3cncc(Br)c3)C2)C1,2,CC(C)(C)OC(=O)N1CC2(CCN(c3cncc(Br)c3)C2)C1,,10.05
CC(C)(C)OC(=O)N1CC2(CCN(c3cncc(C#Cc4ccccc4)c3)C2)C1,2,CC(C)(C)OC(=O)N1CC2(CCN(c3cncc(C#Cc4ccccc4)c3)C2)C1,,9.08
CC(C)(C)OC(=O)N1CC2(CCN(c3cncc(N4CC(OCCCc5ccccc5)C4)c3)C2)C1,2,CC(C)(C)OC(=O)N1CC2(CCN(c3cncc(N4CC(OCCCc5ccccc5)C4)c3)C2)C1,,9.64
CCCCCCC#Cc1cncc(N2CCC3(CN(C(=O)c4ccc5c(c4)OCO5)C3)C2)c1,2,CCCCCCC#Cc1cncc(N2CCC3(CN(C(=O)c4ccc5c(c4)OCO5)C3)C2)c1,,6.68
CCCCCCOC1CN(c2cncc(N3CCC4(CN(C(=O)OC(C)(C)C)C4)C3)c2)C1,2,CCCCCCOC1CN(c2cncc(N3CCC4(CN(C(=O)OC(C)(C)C)C4)C3)c2)C1,,9.63
C(#Cc1cncc(N2CCC3(CNC3)C2)c1)c1ccccc1,2,C(#Cc1cncc(N2CCC3(CNC3)C2)c1)c1ccccc1,,20.95
CC(C)(C)OC(=O)N1CC2(CCN(c3cccc(Br)n3)C2)C1,2,CC(C)(C)OC(=O)N1CC2(CCN(c3cccc(Br)n3)C2)C1,,10.49
CC(C)(C)OC(=O)N1CC2(CCN(c3cncc(-c4ccc(F)cc4)c3)C2)C1,2,CC(C)(C)OC(=O)N1CC2(CCN(c3cncc(-c4ccc(F)cc4)c3)C2)C1,,14.77
CC(C)(C)OC(=O)N1CC2(CCN(c3cncc(Br)c3)C2)C1,2,CC(C)(C)OC(=O)N1CC2(CCN(c3cncc(Br)c3)C2)C1,,11.01
CC(C)(C)OC(=O)N1CC2(CCN(c3cncc(C#Cc4ccccc4)c3)C2)C1,2,CC(C)(C)OC(=O)N1CC2(CCN(c3cncc(C#Cc4ccccc4)c3)C2)C1,,9.7
CC(C)(C)OC(=O)N1CC2(CCN(c3cncc(N4CC(OCCCc5ccccc5)C4)c3)C2)C1,2,CC(C)(C)OC(=O)N1CC2(CCN(c3cncc(N4CC(OCCCc5ccccc5)C4)c3)C2)C1,,9.59
CCCCCCC#Cc1cncc(N2CCC3(CN(C(=O)c4ccc5c(c4)OCO5)C3)C2)c1,2,CCCCCCC#Cc1cncc(N2CCC3(CN(C(=O)c4ccc5c(c4)OCO5)C3)C2)c1,,10.49
CCCCCCOC1CN(c2cncc(N3CCC4(CN(C(=O)OC(C)(C)C)C4)C3)c2)C1,2,CCCCCCOC1CN(c2cncc(N3CCC4(CN(C(=O)OC(C)(C)C)C4)C3)c2)C1,,20.81
C(#Cc1cncc(N2CCC3(CNC3)C2)c1)c1ccccc1,2,C(#Cc1cncc(N2CCC3(CNC3)C2)c1)c1ccccc1,,9.69
CC(C)(C)OC(=O)N1CC2(CCN(c3cccc(Br)n3)C2)C1,2,CC(C)(C)OC(=O)N1CC2(CCN(c3cccc(Br)n3)C2)C1,,10.69
CC(C)(C)OC(=O)N1CC2(CCN(c3cncc(-c4ccc(F)cc4)c3)C2)C1,2,CC(C)(C)OC(=O)N1CC2(CCN(c3cncc(-c4ccc(F)cc4)c3)C2)C1,,23.77
CC(C)(C)OC(=O)N1CC2(CCN(c3cncc(Br)c3)C2)C1,2,CC(C)(C)OC(=O)N1CC2(CCN(c3cncc(Br)c3)C2)C1,,9.91
CC(C)(C)OC(=O)N1CC2(CCN(c3cncc(C#Cc4ccccc4)c3)C2)C1,2,CC(C)(C)OC(=O)N1CC2(CCN(c3cncc(C#Cc4ccccc4)c3)C2)C1,,10.82
CC(C)(C)OC(=O)N1CC2(CCN(c3cncc(N4CC(OCCCc5ccccc5)C4)c3)C2)C1,2,CC(C)(C)OC(=O)N1CC2(CCN(c3cncc(N4CC(OCCCc5ccccc5)C4)c3)C2)C1,,11.14
CCCCCCC#Cc1cncc(N2CCC3(CN(C(=O)c4ccc5c(c4)OCO5)C3)C2)c1,2,CCCCCCC#Cc1cncc(N2CCC3(CN(C(=O)c4ccc5c(c4)OCO5)C3)C2)c1,,8.59
CCCCCCOC1CN(c2cncc(N3CCC4(CN(C(=O)OC(C)(C)C)C4)C3)c2)C1,2,CCCCCCOC1CN(c2cncc(N3CCC4(CN(C(=O)OC(C)(C)C)C4)C3)c2)C1,,14.23
C(#Cc1cncc(N2CCC3(CNC3)C2)c1)c1ccccc1,2,C(#Cc1cncc(N2CCC3(CNC3)C2)c1)c1ccccc1,,22.34
CC(C)(C)OC(=O)N1CC2(CCN(c3cccc(Br)n3)C2)C1,2,CC(C)(C)OC(=O)N1CC2(CCN(c3cccc(Br)n3)C2)C1,,10.38
CC(C)(C)OC(=O)N1CC2(CCN(c3cncc(-c4ccc(F)cc4)c3)C2)C1,2,CC(C)(C)OC(=O)N1CC2(CCN(c3cncc(-c4ccc(F)cc4)c3)C2)C1,,9.87
CC(C)(C)OC(=O)N1CC2(CCN(c3cncc(Br)c3)C2)C1,2,CC(C)(C)OC(=O)N1CC2(CCN(c3cncc(Br)c3)C2)C1,,8.83
CC(C)(C)OC(=O)N1CC2(CCN(c3cncc(C#Cc4ccccc4)c3)C2)C1,2,CC(C)(C)OC(=O)N1CC2(CCN(c3cncc(C#Cc4ccccc4)c3)C2)C1,,9.79
CC(C)(C)OC(=O)N1CC2(CCN(c3cncc(N4CC(OCCCc5ccccc5)C4)c3)C2)C1,2,CC(C)(C)OC(=O)N1CC2(CCN(c3cncc(N4CC(OCCCc5ccccc5)C4)c3)C2)C1,,21.3
CCCCCCC#Cc1cncc(N2CCC3(CN(C(=O)c4ccc5c(c4)OCO5)C3)C2)c1,2,CCCCCCC#Cc1cncc(N2CCC3(CN(C(=O)c4ccc5c(c4)OCO5)C3)C2)c1,,5.6
CCCCCCOC1CN(c2cncc(N3CCC4(CN(C(=O)OC(C)(C)C)C4)C3)c2)C1,2,CCCCCCOC1CN(c2cncc(N3CCC4(CN(C(=O)OC(C)(C)C)C4)C3)c2)C1,,11.43
